
Innova           1313 690.021 VP9176      2018-05-16 06:11:22     CHx = 4: Ethanol.

Channel:,    1,    1,    1,    2,    2,    2,    3,    3,    3,    4,    4,    4,    5,    5,    5,    6,    6,    6,    7,    7,    7,    8,    8,    8,    9,    9,    9,   10,   10,   10,   11,   11,   11,   12,   12,   12,
,  O2 %, CO2 %, CHx %,  O2 %, CO2 %, CHx %,  O2 %, CO2 %, CHx %,  O2 %, CO2 %, CHx %,  O2 %, CO2 %, CHx %,  O2 %, CO2 %, CHx %,  O2 %, CO2 %, CHx %,  O2 %, CO2 %, CHx %,  O2 %, CO2 %, CHx %,  O2 %, CO2 %, CHx %,  O2 %, CO2 %, CHx %,  O2 %, CO2 %, CHx %,

06:13:21,,,,,,,,,,,,,,,,021.404,00.033,00.000,,,,,,,,,,,,,,,,,,,
06:14:21,021.398,00.037,00.000,,,,,,,,,,,,,,,,,,,,,,,,,,,,,,,,,,
06:15:21,,,,021.401,00.037,00.000,,,,,,,,,,,,,,,,,,,,,,,,,,,,,,,
06:16:21,,,,,,,021.397,00.036,00.000,,,,,,,,,,,,,,,,,,,,,,,,,,,,
06:17:21,,,,,,,,,,021.407,00.036,00.000,,,,,,,,,,,,,,,,,,,,,,,,,
06:18:21,021.396,00.037,00.000,,,,,,,,,,,,,,,,,,,,,,,,,,,,,,,,,,
06:19:21,,,,021.398,00.037,00.000,,,,,,,,,,,,,,,,,,,,,,,,,,,,,,,
06:20:21,,,,,,,021.404,00.036,00.000,,,,,,,,,,,,,,,,,,,,,,,,,,,,
06:21:21,,,,,,,,,,021.393,00.036,00.000,,,,,,,,,,,,,,,,,,,,,,,,,
06:22:21,,,,,,,,,,,,,,,,021.411,00.035,00.000,,,,,,,,,,,,,,,,,,,
06:23:21,021.404,00.038,00.000,,,,,,,,,,,,,,,,,,,,,,,,,,,,,,,,,,
06:24:21,,,,021.400,00.038,00.000,,,,,,,,,,,,,,,,,,,,,,,,,,,,,,,
06:25:21,,,,,,,021.408,00.036,00.000,,,,,,,,,,,,,,,,,,,,,,,,,,,,
06:26:21,,,,,,,,,,021.405,00.036,00.000,,,,,,,,,,,,,,,,,,,,,,,,,
06:27:21,021.396,00.038,00.000,,,,,,,,,,,,,,,,,,,,,,,,,,,,,,,,,,
06:28:21,,,,021.398,00.038,00.000,,,,,,,,,,,,,,,,,,,,,,,,,,,,,,,
06:29:21,,,,,,,021.410,00.036,00.000,,,,,,,,,,,,,,,,,,,,,,,,,,,,
06:30:21,,,,,,,,,,021.404,00.036,00.000,,,,,,,,,,,,,,,,,,,,,,,,,
06:31:21,,,,,,,,,,,,,,,,021.405,00.036,00.000,,,,,,,,,,,,,,,,,,,
06:32:21,021.417,00.038,00.000,,,,,,,,,,,,,,,,,,,,,,,,,,,,,,,,,,
06:33:21,,,,021.406,00.038,00.000,,,,,,,,,,,,,,,,,,,,,,,,,,,,,,,
06:34:21,,,,,,,021.407,00.037,00.000,,,,,,,,,,,,,,,,,,,,,,,,,,,,
06:35:21,,,,,,,,,,021.416,00.037,00.000,,,,,,,,,,,,,,,,,,,,,,,,,
06:36:21,021.412,00.039,00.000,,,,,,,,,,,,,,,,,,,,,,,,,,,,,,,,,,
06:37:21,,,,021.407,00.039,00.000,,,,,,,,,,,,,,,,,,,,,,,,,,,,,,,
06:38:21,,,,,,,021.411,00.036,00.000,,,,,,,,,,,,,,,,,,,,,,,,,,,,
06:39:21,,,,,,,,,,021.411,00.037,00.000,,,,,,,,,,,,,,,,,,,,,,,,,
06:40:21,,,,,,,,,,,,,,,,021.418,00.036,00.000,,,,,,,,,,,,,,,,,,,
06:41:21,021.409,00.039,00.000,,,,,,,,,,,,,,,,,,,,,,,,,,,,,,,,,,
06:42:21,,,,021.413,00.039,00.000,,,,,,,,,,,,,,,,,,,,,,,,,,,,,,,
06:43:21,,,,,,,021.415,00.037,00.000,,,,,,,,,,,,,,,,,,,,,,,,,,,,
06:44:21,,,,,,,,,,021.412,00.037,00.000,,,,,,,,,,,,,,,,,,,,,,,,,
06:45:21,021.413,00.039,00.000,,,,,,,,,,,,,,,,,,,,,,,,,,,,,,,,,,
06:46:21,,,,021.406,00.039,00.000,,,,,,,,,,,,,,,,,,,,,,,,,,,,,,,
06:47:21,,,,,,,021.418,00.037,00.000,,,,,,,,,,,,,,,,,,,,,,,,,,,,
06:48:21,,,,,,,,,,021.425,00.037,00.000,,,,,,,,,,,,,,,,,,,,,,,,,
06:49:21,,,,,,,,,,,,,,,,021.410,00.037,00.000,,,,,,,,,,,,,,,,,,,
06:50:21,021.424,00.040,00.000,,,,,,,,,,,,,,,,,,,,,,,,,,,,,,,,,,
06:51:21,,,,021.416,00.040,00.000,,,,,,,,,,,,,,,,,,,,,,,,,,,,,,,
06:52:21,,,,,,,021.418,00.038,00.000,,,,,,,,,,,,,,,,,,,,,,,,,,,,
06:53:21,,,,,,,,,,021.427,00.037,00.000,,,,,,,,,,,,,,,,,,,,,,,,,
06:54:21,021.416,00.040,00.000,,,,,,,,,,,,,,,,,,,,,,,,,,,,,,,,,,
06:55:21,,,,021.412,00.040,00.000,,,,,,,,,,,,,,,,,,,,,,,,,,,,,,,
06:56:21,,,,,,,021.424,00.038,00.000,,,,,,,,,,,,,,,,,,,,,,,,,,,,
06:57:21,,,,,,,,,,021.415,00.038,00.000,,,,,,,,,,,,,,,,,,,,,,,,,
06:58:21,,,,,,,,,,,,,,,,021.413,00.037,00.000,,,,,,,,,,,,,,,,,,,
06:59:21,021.423,00.040,00.000,,,,,,,,,,,,,,,,,,,,,,,,,,,,,,,,,,
07:00:21,,,,021.420,00.040,00.000,,,,,,,,,,,,,,,,,,,,,,,,,,,,,,,
07:01:21,,,,,,,021.417,00.038,00.000,,,,,,,,,,,,,,,,,,,,,,,,,,,,
07:02:21,,,,,,,,,,021.415,00.038,00.000,,,,,,,,,,,,,,,,,,,,,,,,,
07:03:21,021.415,00.039,00.000,,,,,,,,,,,,,,,,,,,,,,,,,,,,,,,,,,
07:04:21,,,,021.410,00.040,00.000,,,,,,,,,,,,,,,,,,,,,,,,,,,,,,,
07:05:21,,,,,,,021.417,00.037,00.000,,,,,,,,,,,,,,,,,,,,,,,,,,,,
07:06:21,,,,,,,,,,021.415,00.038,00.000,,,,,,,,,,,,,,,,,,,,,,,,,
07:07:21,,,,,,,,,,,,,,,,021.417,00.037,00.000,,,,,,,,,,,,,,,,,,,
07:08:21,021.418,00.039,00.000,,,,,,,,,,,,,,,,,,,,,,,,,,,,,,,,,,
07:09:21,,,,021.413,00.039,00.000,,,,,,,,,,,,,,,,,,,,,,,,,,,,,,,
07:10:21,,,,,,,021.423,00.037,00.000,,,,,,,,,,,,,,,,,,,,,,,,,,,,
07:11:21,,,,,,,,,,021.416,00.038,00.000,,,,,,,,,,,,,,,,,,,,,,,,,
07:12:21,021.416,00.038,00.000,,,,,,,,,,,,,,,,,,,,,,,,,,,,,,,,,,
07:13:21,,,,021.411,00.038,00.000,,,,,,,,,,,,,,,,,,,,,,,,,,,,,,,
07:14:21,,,,,,,021.415,00.037,00.000,,,,,,,,,,,,,,,,,,,,,,,,,,,,
07:15:21,,,,,,,,,,021.425,00.038,00.000,,,,,,,,,,,,,,,,,,,,,,,,,
07:16:21,,,,,,,,,,,,,,,,021.411,00.036,00.000,,,,,,,,,,,,,,,,,,,
07:17:21,021.415,00.039,00.000,,,,,,,,,,,,,,,,,,,,,,,,,,,,,,,,,,
07:18:21,,,,021.423,00.040,00.000,,,,,,,,,,,,,,,,,,,,,,,,,,,,,,,
07:19:21,,,,,,,021.422,00.037,00.000,,,,,,,,,,,,,,,,,,,,,,,,,,,,
07:20:21,,,,,,,,,,021.426,00.038,00.000,,,,,,,,,,,,,,,,,,,,,,,,,
07:21:21,021.420,00.039,00.000,,,,,,,,,,,,,,,,,,,,,,,,,,,,,,,,,,
07:22:21,,,,021.413,00.039,00.000,,,,,,,,,,,,,,,,,,,,,,,,,,,,,,,
07:23:21,,,,,,,021.423,00.038,00.000,,,,,,,,,,,,,,,,,,,,,,,,,,,,
07:24:21,,,,,,,,,,021.409,00.037,00.000,,,,,,,,,,,,,,,,,,,,,,,,,
07:25:21,,,,,,,,,,,,,,,,021.410,00.035,00.000,,,,,,,,,,,,,,,,,,,
07:26:21,021.419,00.038,00.000,,,,,,,,,,,,,,,,,,,,,,,,,,,,,,,,,,
07:27:21,,,,021.422,00.039,00.000,,,,,,,,,,,,,,,,,,,,,,,,,,,,,,,
07:28:21,,,,,,,021.415,00.040,00.000,,,,,,,,,,,,,,,,,,,,,,,,,,,,
07:29:21,,,,,,,,,,021.422,00.040,00.000,,,,,,,,,,,,,,,,,,,,,,,,,
07:30:21,021.416,00.040,00.000,,,,,,,,,,,,,,,,,,,,,,,,,,,,,,,,,,
07:31:21,,,,021.425,00.040,00.000,,,,,,,,,,,,,,,,,,,,,,,,,,,,,,,
07:32:21,,,,,,,021.420,00.040,00.000,,,,,,,,,,,,,,,,,,,,,,,,,,,,
07:33:21,,,,,,,,,,021.416,00.039,00.000,,,,,,,,,,,,,,,,,,,,,,,,,
07:34:21,,,,,,,,,,,,,,,,021.420,00.037,00.000,,,,,,,,,,,,,,,,,,,
07:35:21,021.425,00.039,00.000,,,,,,,,,,,,,,,,,,,,,,,,,,,,,,,,,,
07:36:21,,,,021.407,00.039,00.000,,,,,,,,,,,,,,,,,,,,,,,,,,,,,,,
07:37:21,,,,,,,021.420,00.039,00.000,,,,,,,,,,,,,,,,,,,,,,,,,,,,
07:38:21,,,,,,,,,,021.419,00.039,00.000,,,,,,,,,,,,,,,,,,,,,,,,,
07:39:21,021.415,00.039,00.000,,,,,,,,,,,,,,,,,,,,,,,,,,,,,,,,,,
07:40:21,,,,021.423,00.039,00.000,,,,,,,,,,,,,,,,,,,,,,,,,,,,,,,
07:41:21,,,,,,,021.412,00.039,00.000,,,,,,,,,,,,,,,,,,,,,,,,,,,,
07:42:21,,,,,,,,,,021.420,00.039,00.000,,,,,,,,,,,,,,,,,,,,,,,,,
07:43:21,,,,,,,,,,,,,,,,021.425,00.037,00.000,,,,,,,,,,,,,,,,,,,
07:44:21,021.416,00.039,00.000,,,,,,,,,,,,,,,,,,,,,,,,,,,,,,,,,,
07:45:21,,,,021.417,00.039,00.000,,,,,,,,,,,,,,,,,,,,,,,,,,,,,,,
07:46:21,,,,,,,021.415,00.040,00.000,,,,,,,,,,,,,,,,,,,,,,,,,,,,
07:47:21,,,,,,,,,,021.412,00.040,00.000,,,,,,,,,,,,,,,,,,,,,,,,,
07:48:21,021.415,00.039,00.000,,,,,,,,,,,,,,,,,,,,,,,,,,,,,,,,,,
07:49:21,,,,021.419,00.040,00.000,,,,,,,,,,,,,,,,,,,,,,,,,,,,,,,
07:50:21,,,,,,,021.421,00.040,00.000,,,,,,,,,,,,,,,,,,,,,,,,,,,,
07:51:21,,,,,,,,,,021.422,00.040,00.000,,,,,,,,,,,,,,,,,,,,,,,,,
07:52:21,,,,,,,,,,,,,,,,021.421,00.037,00.000,,,,,,,,,,,,,,,,,,,
07:53:21,021.422,00.039,00.000,,,,,,,,,,,,,,,,,,,,,,,,,,,,,,,,,,
07:54:21,,,,021.410,00.039,00.000,,,,,,,,,,,,,,,,,,,,,,,,,,,,,,,
07:55:21,,,,,,,021.416,00.040,00.000,,,,,,,,,,,,,,,,,,,,,,,,,,,,
07:56:21,,,,,,,,,,021.417,00.039,00.000,,,,,,,,,,,,,,,,,,,,,,,,,
07:57:21,021.424,00.039,00.000,,,,,,,,,,,,,,,,,,,,,,,,,,,,,,,,,,
07:58:21,,,,021.411,00.039,00.000,,,,,,,,,,,,,,,,,,,,,,,,,,,,,,,
07:59:21,,,,,,,021.411,00.039,00.000,,,,,,,,,,,,,,,,,,,,,,,,,,,,
08:00:21,,,,,,,,,,021.413,00.039,00.000,,,,,,,,,,,,,,,,,,,,,,,,,
08:01:21,,,,,,,,,,,,,,,,021.422,00.036,00.000,,,,,,,,,,,,,,,,,,,
08:02:21,021.419,00.038,00.000,,,,,,,,,,,,,,,,,,,,,,,,,,,,,,,,,,
08:03:21,,,,021.410,00.038,00.000,,,,,,,,,,,,,,,,,,,,,,,,,,,,,,,
08:04:21,,,,,,,021.410,00.039,00.000,,,,,,,,,,,,,,,,,,,,,,,,,,,,
08:05:21,,,,,,,,,,021.422,00.039,00.000,,,,,,,,,,,,,,,,,,,,,,,,,
08:06:21,021.416,00.038,00.000,,,,,,,,,,,,,,,,,,,,,,,,,,,,,,,,,,
08:07:21,,,,021.426,00.038,00.000,,,,,,,,,,,,,,,,,,,,,,,,,,,,,,,
08:08:21,,,,,,,021.416,00.039,00.000,,,,,,,,,,,,,,,,,,,,,,,,,,,,
08:09:21,,,,,,,,,,021.409,00.039,00.000,,,,,,,,,,,,,,,,,,,,,,,,,
08:10:21,,,,,,,,,,,,,,,,021.416,00.036,00.000,,,,,,,,,,,,,,,,,,,
08:11:21,021.403,00.039,00.000,,,,,,,,,,,,,,,,,,,,,,,,,,,,,,,,,,
08:12:21,,,,021.421,00.039,00.000,,,,,,,,,,,,,,,,,,,,,,,,,,,,,,,
08:13:21,,,,,,,021.421,00.039,00.000,,,,,,,,,,,,,,,,,,,,,,,,,,,,
08:14:21,,,,,,,,,,021.414,00.039,00.000,,,,,,,,,,,,,,,,,,,,,,,,,
08:15:21,021.419,00.039,00.000,,,,,,,,,,,,,,,,,,,,,,,,,,,,,,,,,,
08:16:21,,,,021.409,00.038,00.000,,,,,,,,,,,,,,,,,,,,,,,,,,,,,,,
08:17:21,,,,,,,021.422,00.039,00.000,,,,,,,,,,,,,,,,,,,,,,,,,,,,
08:18:21,,,,,,,,,,021.415,00.039,00.000,,,,,,,,,,,,,,,,,,,,,,,,,
08:19:21,,,,,,,,,,,,,,,,021.420,00.036,00.000,,,,,,,,,,,,,,,,,,,
08:20:21,021.411,00.038,00.000,,,,,,,,,,,,,,,,,,,,,,,,,,,,,,,,,,
08:21:21,,,,021.422,00.038,00.000,,,,,,,,,,,,,,,,,,,,,,,,,,,,,,,
08:22:21,,,,,,,021.423,00.039,00.000,,,,,,,,,,,,,,,,,,,,,,,,,,,,
08:23:21,,,,,,,,,,021.414,00.038,00.000,,,,,,,,,,,,,,,,,,,,,,,,,
08:24:21,021.420,00.039,00.000,,,,,,,,,,,,,,,,,,,,,,,,,,,,,,,,,,
08:25:21,,,,021.411,00.038,00.000,,,,,,,,,,,,,,,,,,,,,,,,,,,,,,,
08:26:21,,,,,,,021.416,00.039,00.000,,,,,,,,,,,,,,,,,,,,,,,,,,,,
08:27:21,,,,,,,,,,021.414,00.039,00.000,,,,,,,,,,,,,,,,,,,,,,,,,
08:28:21,,,,,,,,,,,,,,,,021.426,00.032,00.000,,,,,,,,,,,,,,,,,,,
08:29:21,021.427,00.040,00.000,,,,,,,,,,,,,,,,,,,,,,,,,,,,,,,,,,
08:30:21,,,,021.420,00.041,00.000,,,,,,,,,,,,,,,,,,,,,,,,,,,,,,,
08:31:21,,,,,,,021.419,00.041,00.000,,,,,,,,,,,,,,,,,,,,,,,,,,,,
08:32:21,,,,,,,,,,021.413,00.040,00.000,,,,,,,,,,,,,,,,,,,,,,,,,
08:33:21,021.422,00.040,00.000,,,,,,,,,,,,,,,,,,,,,,,,,,,,,,,,,,
08:34:21,,,,021.414,00.040,00.000,,,,,,,,,,,,,,,,,,,,,,,,,,,,,,,
08:35:21,,,,,,,021.425,00.040,00.000,,,,,,,,,,,,,,,,,,,,,,,,,,,,
08:36:21,,,,,,,,,,021.418,00.039,00.000,,,,,,,,,,,,,,,,,,,,,,,,,
08:37:21,,,,,,,,,,,,,,,,021.417,00.036,00.000,,,,,,,,,,,,,,,,,,,
08:38:21,021.408,00.039,00.000,,,,,,,,,,,,,,,,,,,,,,,,,,,,,,,,,,
08:39:21,,,,021.418,00.039,00.000,,,,,,,,,,,,,,,,,,,,,,,,,,,,,,,
08:40:21,,,,,,,021.421,00.039,00.000,,,,,,,,,,,,,,,,,,,,,,,,,,,,
08:41:21,,,,,,,,,,021.425,00.039,00.000,,,,,,,,,,,,,,,,,,,,,,,,,
08:42:21,021.421,00.038,00.000,,,,,,,,,,,,,,,,,,,,,,,,,,,,,,,,,,
08:43:21,,,,021.416,00.038,00.000,,,,,,,,,,,,,,,,,,,,,,,,,,,,,,,
08:44:21,,,,,,,021.418,00.038,00.000,,,,,,,,,,,,,,,,,,,,,,,,,,,,
08:45:21,,,,,,,,,,021.417,00.038,00.000,,,,,,,,,,,,,,,,,,,,,,,,,
08:46:21,,,,,,,,,,,,,,,,021.418,00.036,00.000,,,,,,,,,,,,,,,,,,,
08:47:21,021.418,00.038,00.000,,,,,,,,,,,,,,,,,,,,,,,,,,,,,,,,,,
08:48:21,,,,021.416,00.038,00.000,,,,,,,,,,,,,,,,,,,,,,,,,,,,,,,
08:49:21,,,,,,,021.417,00.039,00.000,,,,,,,,,,,,,,,,,,,,,,,,,,,,
08:50:21,,,,,,,,,,021.420,00.038,00.000,,,,,,,,,,,,,,,,,,,,,,,,,
08:51:21,021.417,00.038,00.000,,,,,,,,,,,,,,,,,,,,,,,,,,,,,,,,,,
08:52:21,,,,021.419,00.038,00.000,,,,,,,,,,,,,,,,,,,,,,,,,,,,,,,
08:53:21,,,,,,,021.412,00.038,00.000,,,,,,,,,,,,,,,,,,,,,,,,,,,,
08:54:21,,,,,,,,,,021.416,00.038,00.000,,,,,,,,,,,,,,,,,,,,,,,,,
08:55:21,,,,,,,,,,,,,,,,021.419,00.036,00.000,,,,,,,,,,,,,,,,,,,
08:56:21,021.404,00.038,00.000,,,,,,,,,,,,,,,,,,,,,,,,,,,,,,,,,,
08:57:21,,,,021.423,00.038,00.000,,,,,,,,,,,,,,,,,,,,,,,,,,,,,,,
08:58:21,,,,,,,021.419,00.038,00.000,,,,,,,,,,,,,,,,,,,,,,,,,,,,
08:59:21,,,,,,,,,,021.418,00.039,00.000,,,,,,,,,,,,,,,,,,,,,,,,,
09:00:21,021.415,00.038,00.000,,,,,,,,,,,,,,,,,,,,,,,,,,,,,,,,,,
09:01:21,,,,021.415,00.039,00.000,,,,,,,,,,,,,,,,,,,,,,,,,,,,,,,
09:02:21,,,,,,,021.415,00.039,00.000,,,,,,,,,,,,,,,,,,,,,,,,,,,,
09:03:21,,,,,,,,,,021.415,00.039,00.000,,,,,,,,,,,,,,,,,,,,,,,,,
09:04:21,,,,,,,,,,,,,,,,021.414,00.036,00.000,,,,,,,,,,,,,,,,,,,
09:05:21,021.420,00.040,00.000,,,,,,,,,,,,,,,,,,,,,,,,,,,,,,,,,,
09:06:21,,,,021.423,00.040,00.000,,,,,,,,,,,,,,,,,,,,,,,,,,,,,,,
09:07:21,,,,,,,021.408,00.040,00.000,,,,,,,,,,,,,,,,,,,,,,,,,,,,
09:08:21,,,,,,,,,,021.424,00.040,00.000,,,,,,,,,,,,,,,,,,,,,,,,,
09:09:21,021.414,00.040,00.000,,,,,,,,,,,,,,,,,,,,,,,,,,,,,,,,,,
09:10:21,,,,021.413,00.041,00.000,,,,,,,,,,,,,,,,,,,,,,,,,,,,,,,
09:11:21,,,,,,,021.412,00.042,00.000,,,,,,,,,,,,,,,,,,,,,,,,,,,,
09:12:21,,,,,,,,,,021.409,00.042,00.000,,,,,,,,,,,,,,,,,,,,,,,,,
09:13:21,,,,,,,,,,,,,,,,021.403,00.037,00.000,,,,,,,,,,,,,,,,,,,
09:14:21,021.405,00.044,00.000,,,,,,,,,,,,,,,,,,,,,,,,,,,,,,,,,,
09:15:21,,,,021.413,00.045,00.000,,,,,,,,,,,,,,,,,,,,,,,,,,,,,,,
09:16:21,,,,,,,021.402,00.044,00.000,,,,,,,,,,,,,,,,,,,,,,,,,,,,
09:17:21,,,,,,,,,,021.407,00.044,00.000,,,,,,,,,,,,,,,,,,,,,,,,,
09:18:21,021.402,00.046,00.000,,,,,,,,,,,,,,,,,,,,,,,,,,,,,,,,,,
09:19:21,,,,021.414,00.045,00.000,,,,,,,,,,,,,,,,,,,,,,,,,,,,,,,
09:20:21,,,,,,,021.405,00.046,00.000,,,,,,,,,,,,,,,,,,,,,,,,,,,,
09:21:21,,,,,,,,,,021.403,00.045,00.000,,,,,,,,,,,,,,,,,,,,,,,,,
09:22:21,,,,,,,,,,,,,,,,021.410,00.037,00.000,,,,,,,,,,,,,,,,,,,
09:23:21,021.400,00.047,00.000,,,,,,,,,,,,,,,,,,,,,,,,,,,,,,,,,,
09:24:21,,,,021.408,00.046,00.000,,,,,,,,,,,,,,,,,,,,,,,,,,,,,,,
09:25:21,,,,,,,021.413,00.046,00.000,,,,,,,,,,,,,,,,,,,,,,,,,,,,
09:26:21,,,,,,,,,,021.402,00.045,00.000,,,,,,,,,,,,,,,,,,,,,,,,,
09:27:21,021.411,00.046,00.000,,,,,,,,,,,,,,,,,,,,,,,,,,,,,,,,,,
09:28:21,,,,021.406,00.046,00.000,,,,,,,,,,,,,,,,,,,,,,,,,,,,,,,
09:29:21,,,,,,,021.413,00.045,00.000,,,,,,,,,,,,,,,,,,,,,,,,,,,,
09:30:21,,,,,,,,,,021.419,00.045,00.000,,,,,,,,,,,,,,,,,,,,,,,,,
09:31:21,,,,,,,,,,,,,,,,021.405,00.037,00.000,,,,,,,,,,,,,,,,,,,
09:32:21,021.408,00.046,00.000,,,,,,,,,,,,,,,,,,,,,,,,,,,,,,,,,,
09:33:21,,,,021.423,00.046,00.000,,,,,,,,,,,,,,,,,,,,,,,,,,,,,,,
09:34:21,,,,,,,021.407,00.047,00.000,,,,,,,,,,,,,,,,,,,,,,,,,,,,
09:35:21,,,,,,,,,,021.405,00.046,00.000,,,,,,,,,,,,,,,,,,,,,,,,,
09:36:21,021.407,00.046,00.000,,,,,,,,,,,,,,,,,,,,,,,,,,,,,,,,,,
09:37:21,,,,021.414,00.046,00.000,,,,,,,,,,,,,,,,,,,,,,,,,,,,,,,
09:38:21,,,,,,,021.413,00.046,00.000,,,,,,,,,,,,,,,,,,,,,,,,,,,,
09:39:21,,,,,,,,,,021.411,00.046,00.000,,,,,,,,,,,,,,,,,,,,,,,,,
09:40:21,,,,,,,,,,,,,,,,021.423,00.037,00.000,,,,,,,,,,,,,,,,,,,
09:41:21,021.414,00.047,00.000,,,,,,,,,,,,,,,,,,,,,,,,,,,,,,,,,,
09:42:21,,,,021.415,00.047,00.000,,,,,,,,,,,,,,,,,,,,,,,,,,,,,,,
09:43:21,,,,,,,021.406,00.047,00.000,,,,,,,,,,,,,,,,,,,,,,,,,,,,
09:44:21,,,,,,,,,,021.438,00.046,00.000,,,,,,,,,,,,,,,,,,,,,,,,,
09:45:21,021.415,00.046,00.000,,,,,,,,,,,,,,,,,,,,,,,,,,,,,,,,,,
09:46:21,,,,021.415,00.046,00.000,,,,,,,,,,,,,,,,,,,,,,,,,,,,,,,
09:47:21,,,,,,,021.424,00.046,00.000,,,,,,,,,,,,,,,,,,,,,,,,,,,,
09:48:21,,,,,,,,,,021.421,00.045,00.000,,,,,,,,,,,,,,,,,,,,,,,,,
09:49:21,,,,,,,,,,,,,,,,021.424,00.037,00.000,,,,,,,,,,,,,,,,,,,
09:50:21,021.423,00.045,00.000,,,,,,,,,,,,,,,,,,,,,,,,,,,,,,,,,,
09:51:21,,,,021.412,00.045,00.000,,,,,,,,,,,,,,,,,,,,,,,,,,,,,,,
09:52:21,,,,,,,021.421,00.045,00.000,,,,,,,,,,,,,,,,,,,,,,,,,,,,
09:53:21,,,,,,,,,,021.426,00.044,00.000,,,,,,,,,,,,,,,,,,,,,,,,,
09:54:21,021.417,00.045,00.000,,,,,,,,,,,,,,,,,,,,,,,,,,,,,,,,,,
09:55:21,,,,021.421,00.043,00.000,,,,,,,,,,,,,,,,,,,,,,,,,,,,,,,
09:56:21,,,,,,,021.416,00.043,00.000,,,,,,,,,,,,,,,,,,,,,,,,,,,,
09:57:21,,,,,,,,,,021.408,00.043,00.000,,,,,,,,,,,,,,,,,,,,,,,,,
09:58:21,,,,,,,,,,,,,,,,021.426,00.037,00.000,,,,,,,,,,,,,,,,,,,
09:59:21,021.415,00.044,00.000,,,,,,,,,,,,,,,,,,,,,,,,,,,,,,,,,,
10:00:21,,,,021.411,00.043,00.000,,,,,,,,,,,,,,,,,,,,,,,,,,,,,,,
10:01:21,,,,,,,021.406,00.042,00.000,,,,,,,,,,,,,,,,,,,,,,,,,,,,
10:02:21,,,,,,,,,,021.422,00.042,00.000,,,,,,,,,,,,,,,,,,,,,,,,,
10:03:21,021.417,00.041,00.000,,,,,,,,,,,,,,,,,,,,,,,,,,,,,,,,,,
10:04:21,,,,021.425,00.041,00.000,,,,,,,,,,,,,,,,,,,,,,,,,,,,,,,
10:05:21,,,,,,,021.403,00.041,00.000,,,,,,,,,,,,,,,,,,,,,,,,,,,,
10:06:21,,,,,,,,,,021.421,00.042,00.000,,,,,,,,,,,,,,,,,,,,,,,,,
10:07:21,,,,,,,,,,,,,,,,021.428,00.036,00.000,,,,,,,,,,,,,,,,,,,
10:08:21,021.417,00.041,00.000,,,,,,,,,,,,,,,,,,,,,,,,,,,,,,,,,,
10:09:21,,,,021.431,00.041,00.000,,,,,,,,,,,,,,,,,,,,,,,,,,,,,,,
10:10:21,,,,,,,021.417,00.041,00.000,,,,,,,,,,,,,,,,,,,,,,,,,,,,
10:11:21,,,,,,,,,,021.419,00.041,00.000,,,,,,,,,,,,,,,,,,,,,,,,,
10:12:21,021.424,00.041,00.000,,,,,,,,,,,,,,,,,,,,,,,,,,,,,,,,,,
10:13:21,,,,021.422,00.041,00.000,,,,,,,,,,,,,,,,,,,,,,,,,,,,,,,
10:14:21,,,,,,,021.429,00.040,00.000,,,,,,,,,,,,,,,,,,,,,,,,,,,,
10:15:21,,,,,,,,,,021.412,00.041,00.000,,,,,,,,,,,,,,,,,,,,,,,,,
10:16:21,,,,,,,,,,,,,,,,021.425,00.036,00.000,,,,,,,,,,,,,,,,,,,
10:17:21,021.414,00.041,00.000,,,,,,,,,,,,,,,,,,,,,,,,,,,,,,,,,,
10:18:21,,,,021.410,00.041,00.000,,,,,,,,,,,,,,,,,,,,,,,,,,,,,,,
10:19:21,,,,,,,021.421,00.041,00.000,,,,,,,,,,,,,,,,,,,,,,,,,,,,
10:20:21,,,,,,,,,,021.426,00.041,00.000,,,,,,,,,,,,,,,,,,,,,,,,,
10:21:21,021.416,00.041,00.000,,,,,,,,,,,,,,,,,,,,,,,,,,,,,,,,,,
10:22:21,,,,021.413,00.040,00.000,,,,,,,,,,,,,,,,,,,,,,,,,,,,,,,
10:23:21,,,,,,,021.415,00.041,00.000,,,,,,,,,,,,,,,,,,,,,,,,,,,,
10:24:21,,,,,,,,,,021.419,00.041,00.000,,,,,,,,,,,,,,,,,,,,,,,,,
10:25:21,,,,,,,,,,,,,,,,021.428,00.037,00.000,,,,,,,,,,,,,,,,,,,
10:26:21,021.417,00.042,00.000,,,,,,,,,,,,,,,,,,,,,,,,,,,,,,,,,,
10:27:21,,,,021.426,00.041,00.000,,,,,,,,,,,,,,,,,,,,,,,,,,,,,,,
10:28:21,,,,,,,021.410,00.041,00.000,,,,,,,,,,,,,,,,,,,,,,,,,,,,
10:29:21,,,,,,,,,,021.412,00.041,00.000,,,,,,,,,,,,,,,,,,,,,,,,,
10:30:21,021.416,00.041,00.000,,,,,,,,,,,,,,,,,,,,,,,,,,,,,,,,,,
10:31:21,,,,021.416,00.041,00.000,,,,,,,,,,,,,,,,,,,,,,,,,,,,,,,
10:32:21,,,,,,,021.415,00.041,00.000,,,,,,,,,,,,,,,,,,,,,,,,,,,,
10:33:21,,,,,,,,,,021.409,00.040,00.000,,,,,,,,,,,,,,,,,,,,,,,,,
10:34:21,,,,,,,,,,,,,,,,021.426,00.036,00.000,,,,,,,,,,,,,,,,,,,
10:35:21,021.405,00.041,00.000,,,,,,,,,,,,,,,,,,,,,,,,,,,,,,,,,,
10:36:21,,,,021.416,00.040,00.000,,,,,,,,,,,,,,,,,,,,,,,,,,,,,,,
10:37:21,,,,,,,021.418,00.040,00.000,,,,,,,,,,,,,,,,,,,,,,,,,,,,
10:38:21,,,,,,,,,,021.420,00.040,00.000,,,,,,,,,,,,,,,,,,,,,,,,,
10:39:21,021.421,00.040,00.000,,,,,,,,,,,,,,,,,,,,,,,,,,,,,,,,,,
10:40:21,,,,021.417,00.040,00.000,,,,,,,,,,,,,,,,,,,,,,,,,,,,,,,
10:41:21,,,,,,,021.413,00.040,00.000,,,,,,,,,,,,,,,,,,,,,,,,,,,,
10:42:21,,,,,,,,,,021.405,00.040,00.000,,,,,,,,,,,,,,,,,,,,,,,,,
10:43:21,,,,,,,,,,,,,,,,021.409,00.036,00.000,,,,,,,,,,,,,,,,,,,
10:44:21,021.412,00.041,00.000,,,,,,,,,,,,,,,,,,,,,,,,,,,,,,,,,,
10:45:21,,,,021.419,00.040,00.000,,,,,,,,,,,,,,,,,,,,,,,,,,,,,,,
10:46:21,,,,,,,021.399,00.039,00.000,,,,,,,,,,,,,,,,,,,,,,,,,,,,
10:47:21,,,,,,,,,,021.411,00.039,00.000,,,,,,,,,,,,,,,,,,,,,,,,,
10:48:21,021.403,00.040,00.000,,,,,,,,,,,,,,,,,,,,,,,,,,,,,,,,,,
10:49:21,,,,021.407,00.040,00.000,,,,,,,,,,,,,,,,,,,,,,,,,,,,,,,
10:50:21,,,,,,,021.413,00.040,00.000,,,,,,,,,,,,,,,,,,,,,,,,,,,,
10:51:21,,,,,,,,,,021.405,00.039,00.000,,,,,,,,,,,,,,,,,,,,,,,,,
10:52:21,,,,,,,,,,,,,,,,021.417,00.035,00.000,,,,,,,,,,,,,,,,,,,
10:53:21,021.403,00.039,00.000,,,,,,,,,,,,,,,,,,,,,,,,,,,,,,,,,,
10:54:21,,,,021.405,00.039,00.000,,,,,,,,,,,,,,,,,,,,,,,,,,,,,,,
10:55:21,,,,,,,021.408,00.039,00.000,,,,,,,,,,,,,,,,,,,,,,,,,,,,
10:56:21,,,,,,,,,,021.400,00.038,00.000,,,,,,,,,,,,,,,,,,,,,,,,,
10:57:21,021.414,00.038,00.000,,,,,,,,,,,,,,,,,,,,,,,,,,,,,,,,,,
10:58:21,,,,021.406,00.038,00.000,,,,,,,,,,,,,,,,,,,,,,,,,,,,,,,
10:59:21,,,,,,,021.402,00.039,00.000,,,,,,,,,,,,,,,,,,,,,,,,,,,,
11:00:21,,,,,,,,,,021.416,00.039,00.000,,,,,,,,,,,,,,,,,,,,,,,,,
11:01:21,,,,,,,,,,,,,,,,021.411,00.036,00.000,,,,,,,,,,,,,,,,,,,
11:02:21,021.413,00.039,00.000,,,,,,,,,,,,,,,,,,,,,,,,,,,,,,,,,,
11:03:21,,,,021.409,00.039,00.000,,,,,,,,,,,,,,,,,,,,,,,,,,,,,,,
11:04:21,,,,,,,021.405,00.039,00.000,,,,,,,,,,,,,,,,,,,,,,,,,,,,
11:05:21,,,,,,,,,,021.411,00.039,00.000,,,,,,,,,,,,,,,,,,,,,,,,,
11:06:21,021.397,00.039,00.000,,,,,,,,,,,,,,,,,,,,,,,,,,,,,,,,,,
11:07:21,,,,021.402,00.039,00.000,,,,,,,,,,,,,,,,,,,,,,,,,,,,,,,
11:08:21,,,,,,,021.406,00.039,00.000,,,,,,,,,,,,,,,,,,,,,,,,,,,,
11:09:21,,,,,,,,,,021.399,00.039,00.000,,,,,,,,,,,,,,,,,,,,,,,,,
11:10:21,,,,,,,,,,,,,,,,021.418,00.035,00.000,,,,,,,,,,,,,,,,,,,
11:11:21,021.404,00.039,00.000,,,,,,,,,,,,,,,,,,,,,,,,,,,,,,,,,,
11:12:21,,,,021.406,00.039,00.000,,,,,,,,,,,,,,,,,,,,,,,,,,,,,,,
11:13:21,,,,,,,021.411,00.040,00.000,,,,,,,,,,,,,,,,,,,,,,,,,,,,
11:14:21,,,,,,,,,,021.402,00.038,00.000,,,,,,,,,,,,,,,,,,,,,,,,,
11:15:21,021.414,00.039,00.000,,,,,,,,,,,,,,,,,,,,,,,,,,,,,,,,,,
11:16:21,,,,021.405,00.039,00.000,,,,,,,,,,,,,,,,,,,,,,,,,,,,,,,
11:17:21,,,,,,,021.416,00.039,00.000,,,,,,,,,,,,,,,,,,,,,,,,,,,,
11:18:21,,,,,,,,,,021.405,00.039,00.000,,,,,,,,,,,,,,,,,,,,,,,,,
11:19:21,,,,,,,,,,,,,,,,021.397,00.035,00.000,,,,,,,,,,,,,,,,,,,
11:20:21,021.415,00.040,00.000,,,,,,,,,,,,,,,,,,,,,,,,,,,,,,,,,,
11:21:21,,,,021.401,00.040,00.000,,,,,,,,,,,,,,,,,,,,,,,,,,,,,,,
11:22:21,,,,,,,021.399,00.040,00.000,,,,,,,,,,,,,,,,,,,,,,,,,,,,
11:23:21,,,,,,,,,,021.410,00.039,00.000,,,,,,,,,,,,,,,,,,,,,,,,,
11:24:21,021.405,00.039,00.000,,,,,,,,,,,,,,,,,,,,,,,,,,,,,,,,,,
11:25:21,,,,021.411,00.039,00.000,,,,,,,,,,,,,,,,,,,,,,,,,,,,,,,
11:26:21,,,,,,,021.405,00.038,00.000,,,,,,,,,,,,,,,,,,,,,,,,,,,,
11:27:21,,,,,,,,,,021.399,00.039,00.000,,,,,,,,,,,,,,,,,,,,,,,,,
11:28:21,,,,,,,,,,,,,,,,021.397,00.035,00.000,,,,,,,,,,,,,,,,,,,
11:29:21,021.399,00.039,00.000,,,,,,,,,,,,,,,,,,,,,,,,,,,,,,,,,,
11:30:21,,,,021.400,00.039,00.000,,,,,,,,,,,,,,,,,,,,,,,,,,,,,,,
11:31:21,,,,,,,021.400,00.038,00.000,,,,,,,,,,,,,,,,,,,,,,,,,,,,
11:32:21,,,,,,,,,,021.391,00.038,00.000,,,,,,,,,,,,,,,,,,,,,,,,,
11:33:21,021.400,00.039,00.000,,,,,,,,,,,,,,,,,,,,,,,,,,,,,,,,,,
11:34:21,,,,021.394,00.039,00.000,,,,,,,,,,,,,,,,,,,,,,,,,,,,,,,
11:35:21,,,,,,,021.396,00.038,00.000,,,,,,,,,,,,,,,,,,,,,,,,,,,,
11:36:21,,,,,,,,,,021.402,00.038,00.000,,,,,,,,,,,,,,,,,,,,,,,,,
11:37:21,,,,,,,,,,,,,,,,021.407,00.035,00.000,,,,,,,,,,,,,,,,,,,
11:38:21,021.411,00.038,00.000,,,,,,,,,,,,,,,,,,,,,,,,,,,,,,,,,,
11:39:21,,,,021.399,00.039,00.000,,,,,,,,,,,,,,,,,,,,,,,,,,,,,,,
11:40:21,,,,,,,021.397,00.039,00.000,,,,,,,,,,,,,,,,,,,,,,,,,,,,
11:41:21,,,,,,,,,,021.399,00.039,00.000,,,,,,,,,,,,,,,,,,,,,,,,,
11:42:21,021.385,00.039,00.000,,,,,,,,,,,,,,,,,,,,,,,,,,,,,,,,,,
11:43:21,,,,021.402,00.039,00.000,,,,,,,,,,,,,,,,,,,,,,,,,,,,,,,
11:44:21,,,,,,,021.408,00.039,00.000,,,,,,,,,,,,,,,,,,,,,,,,,,,,
11:45:21,,,,,,,,,,021.393,00.039,00.000,,,,,,,,,,,,,,,,,,,,,,,,,
11:46:21,,,,,,,,,,,,,,,,021.414,00.035,00.000,,,,,,,,,,,,,,,,,,,
11:47:21,021.392,00.038,00.000,,,,,,,,,,,,,,,,,,,,,,,,,,,,,,,,,,
11:48:21,,,,021.399,00.038,00.000,,,,,,,,,,,,,,,,,,,,,,,,,,,,,,,
11:49:21,,,,,,,021.397,00.038,00.000,,,,,,,,,,,,,,,,,,,,,,,,,,,,
11:50:21,,,,,,,,,,021.386,00.038,00.000,,,,,,,,,,,,,,,,,,,,,,,,,
11:51:21,021.400,00.038,00.000,,,,,,,,,,,,,,,,,,,,,,,,,,,,,,,,,,
11:52:21,,,,021.392,00.038,00.000,,,,,,,,,,,,,,,,,,,,,,,,,,,,,,,
11:53:21,,,,,,,021.383,00.037,00.000,,,,,,,,,,,,,,,,,,,,,,,,,,,,
11:54:21,,,,,,,,,,021.397,00.037,00.000,,,,,,,,,,,,,,,,,,,,,,,,,
11:55:21,,,,,,,,,,,,,,,,021.404,00.034,00.000,,,,,,,,,,,,,,,,,,,
11:56:21,021.396,00.037,00.000,,,,,,,,,,,,,,,,,,,,,,,,,,,,,,,,,,
11:57:21,,,,021.403,00.037,00.000,,,,,,,,,,,,,,,,,,,,,,,,,,,,,,,
11:58:21,,,,,,,021.382,00.037,00.000,,,,,,,,,,,,,,,,,,,,,,,,,,,,
11:59:21,,,,,,,,,,021.395,00.038,00.000,,,,,,,,,,,,,,,,,,,,,,,,,
12:00:21,021.389,00.038,00.000,,,,,,,,,,,,,,,,,,,,,,,,,,,,,,,,,,
12:01:21,,,,021.395,00.038,00.000,,,,,,,,,,,,,,,,,,,,,,,,,,,,,,,
12:02:21,,,,,,,021.391,00.038,00.000,,,,,,,,,,,,,,,,,,,,,,,,,,,,
12:03:21,,,,,,,,,,021.399,00.038,00.000,,,,,,,,,,,,,,,,,,,,,,,,,
12:04:21,,,,,,,,,,,,,,,,021.401,00.035,00.000,,,,,,,,,,,,,,,,,,,
12:05:21,021.400,00.038,00.000,,,,,,,,,,,,,,,,,,,,,,,,,,,,,,,,,,
12:06:21,,,,021.388,00.038,00.000,,,,,,,,,,,,,,,,,,,,,,,,,,,,,,,
12:07:21,,,,,,,021.396,00.038,00.000,,,,,,,,,,,,,,,,,,,,,,,,,,,,
12:08:21,,,,,,,,,,021.385,00.038,00.000,,,,,,,,,,,,,,,,,,,,,,,,,
12:09:21,021.396,00.037,00.000,,,,,,,,,,,,,,,,,,,,,,,,,,,,,,,,,,
12:10:21,,,,021.384,00.037,00.000,,,,,,,,,,,,,,,,,,,,,,,,,,,,,,,
12:11:21,,,,,,,021.382,00.037,00.000,,,,,,,,,,,,,,,,,,,,,,,,,,,,
12:12:21,,,,,,,,,,021.391,00.038,00.000,,,,,,,,,,,,,,,,,,,,,,,,,
12:13:21,,,,,,,,,,,,,,,,021.383,00.035,00.000,,,,,,,,,,,,,,,,,,,
12:14:21,021.394,00.037,00.000,,,,,,,,,,,,,,,,,,,,,,,,,,,,,,,,,,
12:15:21,,,,021.385,00.037,00.000,,,,,,,,,,,,,,,,,,,,,,,,,,,,,,,
12:16:21,,,,,,,021.386,00.036,00.000,,,,,,,,,,,,,,,,,,,,,,,,,,,,
12:17:21,,,,,,,,,,021.399,00.037,00.000,,,,,,,,,,,,,,,,,,,,,,,,,
12:18:21,021.381,00.037,00.000,,,,,,,,,,,,,,,,,,,,,,,,,,,,,,,,,,
12:19:21,,,,021.400,00.037,00.000,,,,,,,,,,,,,,,,,,,,,,,,,,,,,,,
12:20:21,,,,,,,021.395,00.037,00.000,,,,,,,,,,,,,,,,,,,,,,,,,,,,
12:21:21,,,,,,,,,,021.392,00.037,00.000,,,,,,,,,,,,,,,,,,,,,,,,,
12:22:21,,,,,,,,,,,,,,,,021.383,00.034,00.000,,,,,,,,,,,,,,,,,,,
12:23:21,021.381,00.037,00.000,,,,,,,,,,,,,,,,,,,,,,,,,,,,,,,,,,
12:24:21,,,,021.387,00.037,00.000,,,,,,,,,,,,,,,,,,,,,,,,,,,,,,,
12:25:21,,,,,,,021.403,00.037,00.000,,,,,,,,,,,,,,,,,,,,,,,,,,,,
12:26:21,,,,,,,,,,021.396,00.036,00.000,,,,,,,,,,,,,,,,,,,,,,,,,
12:27:21,021.384,00.036,00.000,,,,,,,,,,,,,,,,,,,,,,,,,,,,,,,,,,
12:28:21,,,,021.394,00.037,00.000,,,,,,,,,,,,,,,,,,,,,,,,,,,,,,,
12:29:21,,,,,,,021.384,00.037,00.000,,,,,,,,,,,,,,,,,,,,,,,,,,,,
12:30:21,,,,,,,,,,021.392,00.037,00.000,,,,,,,,,,,,,,,,,,,,,,,,,
12:31:21,,,,,,,,,,,,,,,,021.385,00.034,00.000,,,,,,,,,,,,,,,,,,,
12:32:21,021.384,00.037,00.000,,,,,,,,,,,,,,,,,,,,,,,,,,,,,,,,,,
12:33:21,,,,021.377,00.038,00.000,,,,,,,,,,,,,,,,,,,,,,,,,,,,,,,
12:34:21,,,,,,,021.391,00.038,00.000,,,,,,,,,,,,,,,,,,,,,,,,,,,,
12:35:21,,,,,,,,,,021.390,00.038,00.000,,,,,,,,,,,,,,,,,,,,,,,,,
12:36:21,021.379,00.038,00.000,,,,,,,,,,,,,,,,,,,,,,,,,,,,,,,,,,
12:37:21,,,,021.389,00.037,00.000,,,,,,,,,,,,,,,,,,,,,,,,,,,,,,,
12:38:21,,,,,,,021.396,00.038,00.000,,,,,,,,,,,,,,,,,,,,,,,,,,,,
12:39:21,,,,,,,,,,021.384,00.037,00.000,,,,,,,,,,,,,,,,,,,,,,,,,
12:40:21,,,,,,,,,,,,,,,,021.402,00.034,00.000,,,,,,,,,,,,,,,,,,,
12:41:21,021.385,00.037,00.000,,,,,,,,,,,,,,,,,,,,,,,,,,,,,,,,,,
12:42:21,,,,021.391,00.037,00.000,,,,,,,,,,,,,,,,,,,,,,,,,,,,,,,
12:43:21,,,,,,,020.894,00.215,00.000,,,,,,,,,,,,,,,,,,,,,,,,,,,,
12:44:21,,,,,,,,,,021.393,00.037,00.000,,,,,,,,,,,,,,,,,,,,,,,,,
12:45:21,021.390,00.037,00.000,,,,,,,,,,,,,,,,,,,,,,,,,,,,,,,,,,
12:46:21,,,,021.390,00.037,00.000,,,,,,,,,,,,,,,,,,,,,,,,,,,,,,,
12:47:21,,,,,,,020.871,00.242,00.000,,,,,,,,,,,,,,,,,,,,,,,,,,,,
12:48:21,,,,,,,,,,021.389,00.036,00.000,,,,,,,,,,,,,,,,,,,,,,,,,
12:49:21,,,,,,,,,,,,,,,,021.388,00.034,00.000,,,,,,,,,,,,,,,,,,,
12:50:21,021.376,00.036,00.000,,,,,,,,,,,,,,,,,,,,,,,,,,,,,,,,,,
12:51:21,,,,021.380,00.037,00.000,,,,,,,,,,,,,,,,,,,,,,,,,,,,,,,
12:52:21,,,,,,,020.888,00.251,00.000,,,,,,,,,,,,,,,,,,,,,,,,,,,,
12:53:21,,,,,,,,,,021.383,00.037,00.000,,,,,,,,,,,,,,,,,,,,,,,,,
12:54:21,021.387,00.037,00.000,,,,,,,,,,,,,,,,,,,,,,,,,,,,,,,,,,
12:55:21,,,,021.386,00.036,00.000,,,,,,,,,,,,,,,,,,,,,,,,,,,,,,,
12:56:21,,,,,,,020.941,00.255,00.000,,,,,,,,,,,,,,,,,,,,,,,,,,,,
12:57:21,,,,,,,,,,021.267,00.068,00.000,,,,,,,,,,,,,,,,,,,,,,,,,
12:58:21,,,,,,,,,,,,,,,,021.398,00.034,00.000,,,,,,,,,,,,,,,,,,,
12:59:21,021.382,00.036,00.000,,,,,,,,,,,,,,,,,,,,,,,,,,,,,,,,,,
13:00:21,,,,021.392,00.036,00.000,,,,,,,,,,,,,,,,,,,,,,,,,,,,,,,
13:01:21,,,,,,,020.999,00.250,00.000,,,,,,,,,,,,,,,,,,,,,,,,,,,,
13:02:21,,,,,,,,,,020.849,00.273,00.000,,,,,,,,,,,,,,,,,,,,,,,,,
13:03:21,021.388,00.037,00.000,,,,,,,,,,,,,,,,,,,,,,,,,,,,,,,,,,
13:04:21,,,,021.382,00.037,00.000,,,,,,,,,,,,,,,,,,,,,,,,,,,,,,,
13:05:21,,,,,,,020.988,00.258,00.000,,,,,,,,,,,,,,,,,,,,,,,,,,,,
13:06:21,,,,,,,,,,020.870,00.279,00.000,,,,,,,,,,,,,,,,,,,,,,,,,
13:07:21,,,,,,,,,,,,,,,,021.384,00.034,00.000,,,,,,,,,,,,,,,,,,,
13:08:21,021.373,00.036,00.000,,,,,,,,,,,,,,,,,,,,,,,,,,,,,,,,,,
13:09:21,,,,021.377,00.036,00.000,,,,,,,,,,,,,,,,,,,,,,,,,,,,,,,
13:10:21,,,,,,,021.024,00.251,00.000,,,,,,,,,,,,,,,,,,,,,,,,,,,,
13:11:21,,,,,,,,,,020.923,00.273,00.000,,,,,,,,,,,,,,,,,,,,,,,,,
13:12:21,021.380,00.036,00.000,,,,,,,,,,,,,,,,,,,,,,,,,,,,,,,,,,
13:13:21,,,,021.375,00.036,00.000,,,,,,,,,,,,,,,,,,,,,,,,,,,,,,,
13:14:21,,,,,,,021.049,00.258,00.000,,,,,,,,,,,,,,,,,,,,,,,,,,,,
13:15:21,,,,,,,,,,020.960,00.272,00.000,,,,,,,,,,,,,,,,,,,,,,,,,
13:16:21,,,,,,,,,,,,,,,,021.381,00.034,00.000,,,,,,,,,,,,,,,,,,,
13:17:21,021.374,00.036,00.000,,,,,,,,,,,,,,,,,,,,,,,,,,,,,,,,,,
13:18:21,,,,021.360,00.036,00.000,,,,,,,,,,,,,,,,,,,,,,,,,,,,,,,
13:19:21,,,,,,,021.068,00.258,00.000,,,,,,,,,,,,,,,,,,,,,,,,,,,,
13:20:21,,,,,,,,,,020.982,00.268,00.000,,,,,,,,,,,,,,,,,,,,,,,,,
13:21:21,021.373,00.037,00.000,,,,,,,,,,,,,,,,,,,,,,,,,,,,,,,,,,
13:22:21,,,,021.377,00.036,00.000,,,,,,,,,,,,,,,,,,,,,,,,,,,,,,,
13:23:21,,,,,,,021.085,00.255,00.000,,,,,,,,,,,,,,,,,,,,,,,,,,,,
13:24:21,,,,,,,,,,021.034,00.265,00.000,,,,,,,,,,,,,,,,,,,,,,,,,
13:25:21,,,,,,,,,,,,,,,,021.367,00.034,00.000,,,,,,,,,,,,,,,,,,,
13:26:21,021.378,00.036,00.000,,,,,,,,,,,,,,,,,,,,,,,,,,,,,,,,,,
13:27:21,,,,021.376,00.036,00.000,,,,,,,,,,,,,,,,,,,,,,,,,,,,,,,
13:28:21,,,,,,,021.080,00.256,00.000,,,,,,,,,,,,,,,,,,,,,,,,,,,,
13:29:21,,,,,,,,,,021.044,00.261,00.000,,,,,,,,,,,,,,,,,,,,,,,,,
13:30:21,021.364,00.036,00.000,,,,,,,,,,,,,,,,,,,,,,,,,,,,,,,,,,
13:31:21,,,,021.368,00.036,00.000,,,,,,,,,,,,,,,,,,,,,,,,,,,,,,,
13:32:21,,,,,,,021.089,00.259,00.000,,,,,,,,,,,,,,,,,,,,,,,,,,,,
13:33:21,,,,,,,,,,021.065,00.264,00.000,,,,,,,,,,,,,,,,,,,,,,,,,
13:34:21,,,,,,,,,,,,,,,,021.370,00.034,00.000,,,,,,,,,,,,,,,,,,,
13:35:21,021.361,00.037,00.000,,,,,,,,,,,,,,,,,,,,,,,,,,,,,,,,,,
13:36:21,,,,021.366,00.037,00.000,,,,,,,,,,,,,,,,,,,,,,,,,,,,,,,
13:37:21,,,,,,,021.103,00.260,00.000,,,,,,,,,,,,,,,,,,,,,,,,,,,,
13:38:21,,,,,,,,,,021.086,00.261,00.000,,,,,,,,,,,,,,,,,,,,,,,,,
13:39:21,021.351,00.039,00.000,,,,,,,,,,,,,,,,,,,,,,,,,,,,,,,,,,
13:40:21,,,,021.365,00.039,00.000,,,,,,,,,,,,,,,,,,,,,,,,,,,,,,,
13:41:21,,,,,,,021.095,00.265,00.000,,,,,,,,,,,,,,,,,,,,,,,,,,,,
13:42:21,,,,,,,,,,021.104,00.262,00.000,,,,,,,,,,,,,,,,,,,,,,,,,
13:43:21,,,,,,,,,,,,,,,,021.382,00.035,00.000,,,,,,,,,,,,,,,,,,,
13:44:21,021.366,00.039,00.000,,,,,,,,,,,,,,,,,,,,,,,,,,,,,,,,,,
13:45:21,,,,021.392,00.039,00.000,,,,,,,,,,,,,,,,,,,,,,,,,,,,,,,
13:46:21,,,,,,,021.080,00.265,00.000,,,,,,,,,,,,,,,,,,,,,,,,,,,,
13:47:21,,,,,,,,,,021.109,00.259,00.000,,,,,,,,,,,,,,,,,,,,,,,,,
13:48:21,021.366,00.041,00.000,,,,,,,,,,,,,,,,,,,,,,,,,,,,,,,,,,
13:49:21,,,,021.373,00.040,00.000,,,,,,,,,,,,,,,,,,,,,,,,,,,,,,,
13:50:21,,,,,,,021.098,00.274,00.000,,,,,,,,,,,,,,,,,,,,,,,,,,,,
13:51:21,,,,,,,,,,021.112,00.265,00.000,,,,,,,,,,,,,,,,,,,,,,,,,
13:52:21,,,,,,,,,,,,,,,,021.390,00.035,00.000,,,,,,,,,,,,,,,,,,,
13:53:21,021.367,00.041,00.000,,,,,,,,,,,,,,,,,,,,,,,,,,,,,,,,,,
13:54:21,,,,021.357,00.040,00.000,,,,,,,,,,,,,,,,,,,,,,,,,,,,,,,
13:55:21,,,,,,,021.098,00.276,00.000,,,,,,,,,,,,,,,,,,,,,,,,,,,,
13:56:21,,,,,,,,,,021.095,00.261,00.000,,,,,,,,,,,,,,,,,,,,,,,,,
13:57:21,021.357,00.041,00.000,,,,,,,,,,,,,,,,,,,,,,,,,,,,,,,,,,
13:58:21,,,,021.362,00.041,00.000,,,,,,,,,,,,,,,,,,,,,,,,,,,,,,,
13:59:21,,,,,,,021.074,00.283,00.000,,,,,,,,,,,,,,,,,,,,,,,,,,,,
14:00:21,,,,,,,,,,021.117,00.263,00.000,,,,,,,,,,,,,,,,,,,,,,,,,
14:01:21,,,,,,,,,,,,,,,,021.360,00.036,00.000,,,,,,,,,,,,,,,,,,,
14:02:21,021.363,00.041,00.000,,,,,,,,,,,,,,,,,,,,,,,,,,,,,,,,,,
14:03:21,,,,021.358,00.041,00.000,,,,,,,,,,,,,,,,,,,,,,,,,,,,,,,
14:04:21,,,,,,,021.079,00.287,00.000,,,,,,,,,,,,,,,,,,,,,,,,,,,,
14:05:21,,,,,,,,,,021.116,00.266,00.000,,,,,,,,,,,,,,,,,,,,,,,,,
14:06:21,021.358,00.042,00.000,,,,,,,,,,,,,,,,,,,,,,,,,,,,,,,,,,
14:07:21,,,,021.359,00.041,00.000,,,,,,,,,,,,,,,,,,,,,,,,,,,,,,,
14:08:21,,,,,,,021.061,00.297,00.000,,,,,,,,,,,,,,,,,,,,,,,,,,,,
14:09:21,,,,,,,,,,021.095,00.268,00.000,,,,,,,,,,,,,,,,,,,,,,,,,
14:10:21,,,,,,,,,,,,,,,,021.368,00.036,00.000,,,,,,,,,,,,,,,,,,,
14:11:21,021.354,00.043,00.000,,,,,,,,,,,,,,,,,,,,,,,,,,,,,,,,,,
14:12:21,,,,021.364,00.043,00.000,,,,,,,,,,,,,,,,,,,,,,,,,,,,,,,
14:13:21,,,,,,,021.062,00.307,00.000,,,,,,,,,,,,,,,,,,,,,,,,,,,,
14:14:21,,,,,,,,,,021.107,00.272,00.000,,,,,,,,,,,,,,,,,,,,,,,,,
14:15:21,021.363,00.044,00.000,,,,,,,,,,,,,,,,,,,,,,,,,,,,,,,,,,
14:16:21,,,,021.351,00.043,00.000,,,,,,,,,,,,,,,,,,,,,,,,,,,,,,,
14:17:21,,,,,,,021.049,00.315,00.000,,,,,,,,,,,,,,,,,,,,,,,,,,,,
14:18:21,,,,,,,,,,021.111,00.277,00.000,,,,,,,,,,,,,,,,,,,,,,,,,
14:19:21,,,,,,,,,,,,,,,,021.364,00.036,00.000,,,,,,,,,,,,,,,,,,,
14:20:21,021.351,00.044,00.000,,,,,,,,,,,,,,,,,,,,,,,,,,,,,,,,,,
14:21:21,,,,021.362,00.044,00.000,,,,,,,,,,,,,,,,,,,,,,,,,,,,,,,
14:22:21,,,,,,,021.015,00.324,00.000,,,,,,,,,,,,,,,,,,,,,,,,,,,,
14:23:21,,,,,,,,,,021.097,00.283,00.000,,,,,,,,,,,,,,,,,,,,,,,,,
14:24:21,021.344,00.043,00.000,,,,,,,,,,,,,,,,,,,,,,,,,,,,,,,,,,
14:25:21,,,,021.350,00.043,00.000,,,,,,,,,,,,,,,,,,,,,,,,,,,,,,,
14:26:21,,,,,,,021.012,00.332,00.000,,,,,,,,,,,,,,,,,,,,,,,,,,,,
14:27:21,,,,,,,,,,021.075,00.287,00.000,,,,,,,,,,,,,,,,,,,,,,,,,
14:28:21,,,,,,,,,,,,,,,,021.368,00.036,00.000,,,,,,,,,,,,,,,,,,,
14:29:21,021.352,00.043,00.000,,,,,,,,,,,,,,,,,,,,,,,,,,,,,,,,,,
14:30:21,,,,021.397,00.042,00.000,,,,,,,,,,,,,,,,,,,,,,,,,,,,,,,
14:31:21,,,,,,,020.999,00.347,00.000,,,,,,,,,,,,,,,,,,,,,,,,,,,,
14:32:21,,,,,,,,,,021.073,00.294,00.000,,,,,,,,,,,,,,,,,,,,,,,,,
14:33:21,021.388,00.043,00.000,,,,,,,,,,,,,,,,,,,,,,,,,,,,,,,,,,
14:34:21,,,,021.378,00.042,00.000,,,,,,,,,,,,,,,,,,,,,,,,,,,,,,,
14:35:21,,,,,,,020.974,00.356,00.000,,,,,,,,,,,,,,,,,,,,,,,,,,,,
14:36:21,,,,,,,,,,021.077,00.301,00.000,,,,,,,,,,,,,,,,,,,,,,,,,
14:37:21,,,,,,,,,,,,,,,,021.363,00.036,00.000,,,,,,,,,,,,,,,,,,,
14:38:21,021.376,00.041,00.000,,,,,,,,,,,,,,,,,,,,,,,,,,,,,,,,,,
14:39:21,,,,021.385,00.041,00.000,,,,,,,,,,,,,,,,,,,,,,,,,,,,,,,
14:40:21,,,,,,,020.955,00.370,00.000,,,,,,,,,,,,,,,,,,,,,,,,,,,,
14:41:21,,,,,,,,,,021.031,00.304,00.000,,,,,,,,,,,,,,,,,,,,,,,,,
14:42:21,021.351,00.041,00.000,,,,,,,,,,,,,,,,,,,,,,,,,,,,,,,,,,
14:43:21,,,,021.358,00.040,00.000,,,,,,,,,,,,,,,,,,,,,,,,,,,,,,,
14:44:21,,,,,,,020.914,00.375,00.000,,,,,,,,,,,,,,,,,,,,,,,,,,,,
14:45:21,,,,,,,,,,021.012,00.310,00.000,,,,,,,,,,,,,,,,,,,,,,,,,
14:46:21,,,,,,,,,,,,,,,,021.362,00.036,00.000,,,,,,,,,,,,,,,,,,,
14:47:21,021.362,00.041,00.000,,,,,,,,,,,,,,,,,,,,,,,,,,,,,,,,,,
14:48:21,,,,021.367,00.041,00.000,,,,,,,,,,,,,,,,,,,,,,,,,,,,,,,
14:49:21,,,,,,,020.822,00.465,00.000,,,,,,,,,,,,,,,,,,,,,,,,,,,,
14:50:21,,,,,,,,,,021.008,00.332,00.000,,,,,,,,,,,,,,,,,,,,,,,,,
14:51:21,021.354,00.042,00.000,,,,,,,,,,,,,,,,,,,,,,,,,,,,,,,,,,
14:52:21,,,,021.358,00.041,00.000,,,,,,,,,,,,,,,,,,,,,,,,,,,,,,,
14:53:21,,,,,,,020.896,00.528,00.000,,,,,,,,,,,,,,,,,,,,,,,,,,,,
14:54:21,,,,,,,,,,021.004,00.342,00.000,,,,,,,,,,,,,,,,,,,,,,,,,
14:55:21,,,,,,,,,,,,,,,,021.389,00.036,00.000,,,,,,,,,,,,,,,,,,,
14:56:21,021.359,00.041,00.000,,,,,,,,,,,,,,,,,,,,,,,,,,,,,,,,,,
14:57:21,,,,021.365,00.040,00.000,,,,,,,,,,,,,,,,,,,,,,,,,,,,,,,
14:58:21,,,,,,,020.979,00.479,00.000,,,,,,,,,,,,,,,,,,,,,,,,,,,,
14:59:21,,,,,,,,,,020.968,00.358,00.000,,,,,,,,,,,,,,,,,,,,,,,,,
15:00:21,021.362,00.042,00.000,,,,,,,,,,,,,,,,,,,,,,,,,,,,,,,,,,
15:01:21,,,,021.368,00.041,00.000,,,,,,,,,,,,,,,,,,,,,,,,,,,,,,,
15:02:21,,,,,,,021.015,00.442,00.000,,,,,,,,,,,,,,,,,,,,,,,,,,,,
15:03:21,,,,,,,,,,020.895,00.446,00.000,,,,,,,,,,,,,,,,,,,,,,,,,
15:04:21,,,,,,,,,,,,,,,,021.366,00.037,00.000,,,,,,,,,,,,,,,,,,,
15:05:21,021.355,00.041,00.000,,,,,,,,,,,,,,,,,,,,,,,,,,,,,,,,,,
15:06:21,,,,021.358,00.040,00.000,,,,,,,,,,,,,,,,,,,,,,,,,,,,,,,
15:07:21,,,,,,,021.041,00.407,00.000,,,,,,,,,,,,,,,,,,,,,,,,,,,,
15:08:21,,,,,,,,,,020.981,00.464,00.000,,,,,,,,,,,,,,,,,,,,,,,,,
15:09:21,021.357,00.043,00.000,,,,,,,,,,,,,,,,,,,,,,,,,,,,,,,,,,
15:10:21,,,,021.373,00.041,00.000,,,,,,,,,,,,,,,,,,,,,,,,,,,,,,,
15:11:21,,,,,,,021.050,00.384,00.000,,,,,,,,,,,,,,,,,,,,,,,,,,,,
15:12:21,,,,,,,,,,021.034,00.429,00.000,,,,,,,,,,,,,,,,,,,,,,,,,
15:13:21,,,,,,,,,,,,,,,,021.376,00.036,00.000,,,,,,,,,,,,,,,,,,,
15:14:21,021.354,00.042,00.000,,,,,,,,,,,,,,,,,,,,,,,,,,,,,,,,,,
15:15:21,,,,021.371,00.040,00.000,,,,,,,,,,,,,,,,,,,,,,,,,,,,,,,
15:16:21,,,,,,,021.048,00.375,00.000,,,,,,,,,,,,,,,,,,,,,,,,,,,,
15:17:21,,,,,,,,,,021.076,00.388,00.000,,,,,,,,,,,,,,,,,,,,,,,,,
15:18:21,021.357,00.041,00.000,,,,,,,,,,,,,,,,,,,,,,,,,,,,,,,,,,
15:19:21,,,,021.364,00.040,00.000,,,,,,,,,,,,,,,,,,,,,,,,,,,,,,,
15:20:21,,,,,,,021.054,00.373,00.000,,,,,,,,,,,,,,,,,,,,,,,,,,,,
15:21:21,,,,,,,,,,021.073,00.359,00.000,,,,,,,,,,,,,,,,,,,,,,,,,
15:22:21,,,,,,,,,,,,,,,,021.377,00.036,00.000,,,,,,,,,,,,,,,,,,,
15:23:21,021.361,00.040,00.000,,,,,,,,,,,,,,,,,,,,,,,,,,,,,,,,,,
15:24:21,,,,021.376,00.039,00.000,,,,,,,,,,,,,,,,,,,,,,,,,,,,,,,
15:25:21,,,,,,,021.038,00.376,00.000,,,,,,,,,,,,,,,,,,,,,,,,,,,,
15:26:21,,,,,,,,,,021.090,00.332,00.000,,,,,,,,,,,,,,,,,,,,,,,,,
15:27:21,021.378,00.040,00.000,,,,,,,,,,,,,,,,,,,,,,,,,,,,,,,,,,
15:28:21,,,,021.356,00.039,00.000,,,,,,,,,,,,,,,,,,,,,,,,,,,,,,,
15:29:21,,,,,,,021.020,00.380,00.000,,,,,,,,,,,,,,,,,,,,,,,,,,,,
15:30:21,,,,,,,,,,021.088,00.323,00.000,,,,,,,,,,,,,,,,,,,,,,,,,
15:31:21,,,,,,,,,,,,,,,,021.368,00.035,00.000,,,,,,,,,,,,,,,,,,,
15:32:21,021.360,00.039,00.000,,,,,,,,,,,,,,,,,,,,,,,,,,,,,,,,,,
15:33:21,,,,021.353,00.038,00.000,,,,,,,,,,,,,,,,,,,,,,,,,,,,,,,
15:34:21,,,,,,,020.986,00.388,00.000,,,,,,,,,,,,,,,,,,,,,,,,,,,,
15:35:21,,,,,,,,,,021.074,00.322,00.000,,,,,,,,,,,,,,,,,,,,,,,,,
15:36:21,021.364,00.040,00.000,,,,,,,,,,,,,,,,,,,,,,,,,,,,,,,,,,
15:37:21,,,,021.381,00.039,00.000,,,,,,,,,,,,,,,,,,,,,,,,,,,,,,,
15:38:21,,,,,,,020.978,00.411,00.000,,,,,,,,,,,,,,,,,,,,,,,,,,,,
15:39:21,,,,,,,,,,021.067,00.330,00.000,,,,,,,,,,,,,,,,,,,,,,,,,
15:40:21,,,,,,,,,,,,,,,,021.374,00.035,00.000,,,,,,,,,,,,,,,,,,,
15:41:21,021.358,00.039,00.000,,,,,,,,,,,,,,,,,,,,,,,,,,,,,,,,,,
15:42:21,,,,021.376,00.039,00.000,,,,,,,,,,,,,,,,,,,,,,,,,,,,,,,
15:43:21,,,,,,,020.941,00.432,00.000,,,,,,,,,,,,,,,,,,,,,,,,,,,,
15:44:21,,,,,,,,,,021.055,00.334,00.000,,,,,,,,,,,,,,,,,,,,,,,,,
15:45:21,021.375,00.040,00.000,,,,,,,,,,,,,,,,,,,,,,,,,,,,,,,,,,
15:46:21,,,,021.364,00.039,00.000,,,,,,,,,,,,,,,,,,,,,,,,,,,,,,,
15:47:21,,,,,,,020.924,00.452,00.000,,,,,,,,,,,,,,,,,,,,,,,,,,,,
15:48:21,,,,,,,,,,021.044,00.338,00.000,,,,,,,,,,,,,,,,,,,,,,,,,
15:49:21,,,,,,,,,,,,,,,,021.368,00.036,00.000,,,,,,,,,,,,,,,,,,,
15:50:21,021.362,00.039,00.000,,,,,,,,,,,,,,,,,,,,,,,,,,,,,,,,,,
15:51:21,,,,021.364,00.039,00.000,,,,,,,,,,,,,,,,,,,,,,,,,,,,,,,
15:52:21,,,,,,,020.899,00.476,00.000,,,,,,,,,,,,,,,,,,,,,,,,,,,,
15:53:21,,,,,,,,,,021.026,00.356,00.000,,,,,,,,,,,,,,,,,,,,,,,,,
15:54:21,021.356,00.040,00.000,,,,,,,,,,,,,,,,,,,,,,,,,,,,,,,,,,
15:55:21,,,,021.368,00.038,00.000,,,,,,,,,,,,,,,,,,,,,,,,,,,,,,,
15:56:21,,,,,,,020.861,00.500,00.000,,,,,,,,,,,,,,,,,,,,,,,,,,,,
15:57:21,,,,,,,,,,020.994,00.376,00.000,,,,,,,,,,,,,,,,,,,,,,,,,
15:58:21,,,,,,,,,,,,,,,,021.373,00.035,00.000,,,,,,,,,,,,,,,,,,,
15:59:21,021.358,00.038,00.000,,,,,,,,,,,,,,,,,,,,,,,,,,,,,,,,,,
16:00:21,,,,021.364,00.038,00.000,,,,,,,,,,,,,,,,,,,,,,,,,,,,,,,
16:01:21,,,,,,,020.828,00.530,00.000,,,,,,,,,,,,,,,,,,,,,,,,,,,,
16:02:21,,,,,,,,,,020.976,00.392,00.000,,,,,,,,,,,,,,,,,,,,,,,,,
16:03:21,021.367,00.040,00.000,,,,,,,,,,,,,,,,,,,,,,,,,,,,,,,,,,
16:04:21,,,,021.360,00.038,00.000,,,,,,,,,,,,,,,,,,,,,,,,,,,,,,,
16:05:21,,,,,,,020.791,00.559,00.000,,,,,,,,,,,,,,,,,,,,,,,,,,,,
16:06:21,,,,,,,,,,020.945,00.407,00.000,,,,,,,,,,,,,,,,,,,,,,,,,
16:07:21,,,,,,,,,,,,,,,,021.360,00.035,00.000,,,,,,,,,,,,,,,,,,,
16:08:21,021.368,00.038,00.000,,,,,,,,,,,,,,,,,,,,,,,,,,,,,,,,,,
16:09:21,,,,021.354,00.037,00.000,,,,,,,,,,,,,,,,,,,,,,,,,,,,,,,
16:10:21,,,,,,,020.749,00.593,00.000,,,,,,,,,,,,,,,,,,,,,,,,,,,,
16:11:21,,,,,,,,,,020.922,00.430,00.000,,,,,,,,,,,,,,,,,,,,,,,,,
16:12:21,021.372,00.040,00.000,,,,,,,,,,,,,,,,,,,,,,,,,,,,,,,,,,
16:13:21,,,,021.381,00.038,00.000,,,,,,,,,,,,,,,,,,,,,,,,,,,,,,,
16:14:21,,,,,,,020.719,00.625,00.000,,,,,,,,,,,,,,,,,,,,,,,,,,,,
16:15:21,,,,,,,,,,020.897,00.457,00.000,,,,,,,,,,,,,,,,,,,,,,,,,
16:16:21,,,,,,,,,,,,,,,,021.352,00.034,00.000,,,,,,,,,,,,,,,,,,,
16:17:21,021.351,00.037,00.000,,,,,,,,,,,,,,,,,,,,,,,,,,,,,,,,,,
16:18:21,,,,021.362,00.037,00.000,,,,,,,,,,,,,,,,,,,,,,,,,,,,,,,
16:19:21,,,,,,,020.670,00.652,00.000,,,,,,,,,,,,,,,,,,,,,,,,,,,,
16:20:21,,,,,,,,,,020.861,00.473,00.000,,,,,,,,,,,,,,,,,,,,,,,,,
16:21:21,021.358,00.039,00.000,,,,,,,,,,,,,,,,,,,,,,,,,,,,,,,,,,
16:22:21,,,,021.370,00.037,00.000,,,,,,,,,,,,,,,,,,,,,,,,,,,,,,,
16:23:21,,,,,,,020.628,00.684,00.000,,,,,,,,,,,,,,,,,,,,,,,,,,,,
16:24:21,,,,,,,,,,020.831,00.481,00.000,,,,,,,,,,,,,,,,,,,,,,,,,
16:25:21,,,,,,,,,,,,,,,,021.363,00.035,00.000,,,,,,,,,,,,,,,,,,,
16:26:21,021.362,00.038,00.000,,,,,,,,,,,,,,,,,,,,,,,,,,,,,,,,,,
16:27:21,,,,021.366,00.037,00.000,,,,,,,,,,,,,,,,,,,,,,,,,,,,,,,
16:28:21,,,,,,,020.592,00.745,00.000,,,,,,,,,,,,,,,,,,,,,,,,,,,,
16:29:21,,,,,,,,,,020.799,00.532,00.000,,,,,,,,,,,,,,,,,,,,,,,,,
16:30:21,021.355,00.040,00.000,,,,,,,,,,,,,,,,,,,,,,,,,,,,,,,,,,
16:31:21,,,,021.361,00.038,00.000,,,,,,,,,,,,,,,,,,,,,,,,,,,,,,,
16:32:21,,,,,,,020.546,00.794,00.000,,,,,,,,,,,,,,,,,,,,,,,,,,,,
16:33:21,,,,,,,,,,020.758,00.568,00.000,,,,,,,,,,,,,,,,,,,,,,,,,
16:34:21,,,,,,,,,,,,,,,,021.367,00.036,00.000,,,,,,,,,,,,,,,,,,,
16:35:21,021.366,00.039,00.000,,,,,,,,,,,,,,,,,,,,,,,,,,,,,,,,,,
16:36:21,,,,021.359,00.038,00.000,,,,,,,,,,,,,,,,,,,,,,,,,,,,,,,
16:37:21,,,,,,,020.485,00.846,00.000,,,,,,,,,,,,,,,,,,,,,,,,,,,,
16:38:21,,,,,,,,,,020.724,00.599,00.000,,,,,,,,,,,,,,,,,,,,,,,,,
16:39:21,021.350,00.040,00.000,,,,,,,,,,,,,,,,,,,,,,,,,,,,,,,,,,
16:40:21,,,,021.374,00.038,00.000,,,,,,,,,,,,,,,,,,,,,,,,,,,,,,,
16:41:21,,,,,,,020.423,00.898,00.000,,,,,,,,,,,,,,,,,,,,,,,,,,,,
16:42:21,,,,,,,,,,020.698,00.629,00.000,,,,,,,,,,,,,,,,,,,,,,,,,
16:43:21,,,,,,,,,,,,,,,,021.368,00.036,00.000,,,,,,,,,,,,,,,,,,,
16:44:21,021.361,00.038,00.000,,,,,,,,,,,,,,,,,,,,,,,,,,,,,,,,,,
16:45:21,,,,021.375,00.037,00.000,,,,,,,,,,,,,,,,,,,,,,,,,,,,,,,
16:46:21,,,,,,,020.367,00.950,00.000,,,,,,,,,,,,,,,,,,,,,,,,,,,,
16:47:21,,,,,,,,,,020.644,00.664,00.000,,,,,,,,,,,,,,,,,,,,,,,,,
16:48:21,021.359,00.039,00.000,,,,,,,,,,,,,,,,,,,,,,,,,,,,,,,,,,
16:49:21,,,,021.364,00.037,00.000,,,,,,,,,,,,,,,,,,,,,,,,,,,,,,,
16:50:21,,,,,,,020.299,01.001,00.000,,,,,,,,,,,,,,,,,,,,,,,,,,,,
16:51:21,,,,,,,,,,020.600,00.703,00.000,,,,,,,,,,,,,,,,,,,,,,,,,
16:52:21,,,,,,,,,,,,,,,,021.363,00.036,00.000,,,,,,,,,,,,,,,,,,,
16:53:21,021.341,00.037,00.000,,,,,,,,,,,,,,,,,,,,,,,,,,,,,,,,,,
16:54:21,,,,021.366,00.036,00.000,,,,,,,,,,,,,,,,,,,,,,,,,,,,,,,
16:55:21,,,,,,,020.235,01.061,00.000,,,,,,,,,,,,,,,,,,,,,,,,,,,,
16:56:21,,,,,,,,,,020.538,00.739,00.000,,,,,,,,,,,,,,,,,,,,,,,,,
16:57:21,021.348,00.040,00.000,,,,,,,,,,,,,,,,,,,,,,,,,,,,,,,,,,
16:58:21,,,,021.361,00.038,00.000,,,,,,,,,,,,,,,,,,,,,,,,,,,,,,,
16:59:21,,,,,,,020.171,01.139,00.000,,,,,,,,,,,,,,,,,,,,,,,,,,,,
17:00:21,,,,,,,,,,020.509,00.794,00.000,,,,,,,,,,,,,,,,,,,,,,,,,
17:01:21,,,,,,,,,,,,,,,,021.365,00.038,00.000,,,,,,,,,,,,,,,,,,,
17:02:21,021.370,00.038,00.000,,,,,,,,,,,,,,,,,,,,,,,,,,,,,,,,,,
17:03:21,,,,021.378,00.038,00.000,,,,,,,,,,,,,,,,,,,,,,,,,,,,,,,
17:04:21,,,,,,,020.097,01.230,00.000,,,,,,,,,,,,,,,,,,,,,,,,,,,,
17:05:21,,,,,,,,,,020.454,00.847,00.000,,,,,,,,,,,,,,,,,,,,,,,,,
17:06:21,021.371,00.042,00.000,,,,,,,,,,,,,,,,,,,,,,,,,,,,,,,,,,
17:07:21,,,,021.364,00.040,00.000,,,,,,,,,,,,,,,,,,,,,,,,,,,,,,,
17:08:21,,,,,,,019.995,01.286,00.000,,,,,,,,,,,,,,,,,,,,,,,,,,,,
17:09:21,,,,,,,,,,020.420,00.888,00.000,,,,,,,,,,,,,,,,,,,,,,,,,
17:10:21,,,,,,,,,,,,,,,,021.386,00.038,00.000,,,,,,,,,,,,,,,,,,,
17:11:21,021.391,00.040,00.000,,,,,,,,,,,,,,,,,,,,,,,,,,,,,,,,,,
17:12:21,,,,021.406,00.039,00.000,,,,,,,,,,,,,,,,,,,,,,,,,,,,,,,
17:13:21,,,,,,,019.951,01.380,00.000,,,,,,,,,,,,,,,,,,,,,,,,,,,,
17:14:21,,,,,,,,,,020.362,00.939,00.000,,,,,,,,,,,,,,,,,,,,,,,,,
17:15:21,021.372,00.042,00.000,,,,,,,,,,,,,,,,,,,,,,,,,,,,,,,,,,
17:16:21,,,,021.366,00.039,00.000,,,,,,,,,,,,,,,,,,,,,,,,,,,,,,,
17:17:21,,,,,,,019.851,01.449,00.000,,,,,,,,,,,,,,,,,,,,,,,,,,,,
17:18:21,,,,,,,,,,020.321,01.008,00.000,,,,,,,,,,,,,,,,,,,,,,,,,
17:19:21,,,,,,,,,,,,,,,,021.368,00.040,00.000,,,,,,,,,,,,,,,,,,,
17:20:21,021.367,00.041,00.000,,,,,,,,,,,,,,,,,,,,,,,,,,,,,,,,,,
17:21:21,,,,021.351,00.041,00.000,,,,,,,,,,,,,,,,,,,,,,,,,,,,,,,
17:22:21,,,,,,,019.701,01.579,00.000,,,,,,,,,,,,,,,,,,,,,,,,,,,,
17:23:21,,,,,,,,,,020.193,01.075,00.000,,,,,,,,,,,,,,,,,,,,,,,,,
17:24:21,021.360,00.046,00.000,,,,,,,,,,,,,,,,,,,,,,,,,,,,,,,,,,
17:25:21,,,,021.368,00.043,00.000,,,,,,,,,,,,,,,,,,,,,,,,,,,,,,,
17:26:21,,,,,,,019.615,01.661,00.000,,,,,,,,,,,,,,,,,,,,,,,,,,,,
17:27:21,,,,,,,,,,020.149,01.138,00.000,,,,,,,,,,,,,,,,,,,,,,,,,
17:28:21,,,,,,,,,,,,,,,,021.376,00.040,00.000,,,,,,,,,,,,,,,,,,,
17:29:21,021.366,00.042,00.000,,,,,,,,,,,,,,,,,,,,,,,,,,,,,,,,,,
17:30:21,,,,021.375,00.040,00.000,,,,,,,,,,,,,,,,,,,,,,,,,,,,,,,
17:31:21,,,,,,,019.474,01.771,00.000,,,,,,,,,,,,,,,,,,,,,,,,,,,,
17:32:21,,,,,,,,,,020.061,01.212,00.000,,,,,,,,,,,,,,,,,,,,,,,,,
17:33:21,021.363,00.045,00.000,,,,,,,,,,,,,,,,,,,,,,,,,,,,,,,,,,
17:34:21,,,,021.369,00.042,00.000,,,,,,,,,,,,,,,,,,,,,,,,,,,,,,,
17:35:21,,,,,,,019.366,01.892,00.000,,,,,,,,,,,,,,,,,,,,,,,,,,,,
17:36:21,,,,,,,,,,019.980,01.267,00.000,,,,,,,,,,,,,,,,,,,,,,,,,
17:37:21,,,,,,,,,,,,,,,,021.364,00.042,00.000,,,,,,,,,,,,,,,,,,,
17:38:21,021.367,00.042,00.000,,,,,,,,,,,,,,,,,,,,,,,,,,,,,,,,,,
17:39:21,,,,021.369,00.040,00.000,,,,,,,,,,,,,,,,,,,,,,,,,,,,,,,
17:40:21,,,,,,,019.234,02.036,00.000,,,,,,,,,,,,,,,,,,,,,,,,,,,,
17:41:21,,,,,,,,,,019.870,01.364,00.000,,,,,,,,,,,,,,,,,,,,,,,,,
17:42:21,021.360,00.046,00.000,,,,,,,,,,,,,,,,,,,,,,,,,,,,,,,,,,
17:43:21,,,,021.368,00.042,00.000,,,,,,,,,,,,,,,,,,,,,,,,,,,,,,,
17:44:21,,,,,,,019.092,02.152,00.000,,,,,,,,,,,,,,,,,,,,,,,,,,,,
17:45:21,,,,,,,,,,019.787,01.454,00.000,,,,,,,,,,,,,,,,,,,,,,,,,
17:46:21,,,,,,,,,,,,,,,,021.365,00.043,00.000,,,,,,,,,,,,,,,,,,,
17:47:21,021.368,00.043,00.000,,,,,,,,,,,,,,,,,,,,,,,,,,,,,,,,,,
17:48:21,,,,021.374,00.041,00.000,,,,,,,,,,,,,,,,,,,,,,,,,,,,,,,
17:49:21,,,,,,,018.925,02.314,00.000,,,,,,,,,,,,,,,,,,,,,,,,,,,,
17:50:21,,,,,,,,,,019.681,01.553,00.000,,,,,,,,,,,,,,,,,,,,,,,,,
17:51:21,021.364,00.047,00.000,,,,,,,,,,,,,,,,,,,,,,,,,,,,,,,,,,
17:52:21,,,,021.364,00.042,00.000,,,,,,,,,,,,,,,,,,,,,,,,,,,,,,,
17:53:21,,,,,,,018.800,02.425,00.000,,,,,,,,,,,,,,,,,,,,,,,,,,,,
17:54:21,,,,,,,,,,019.590,01.619,00.000,,,,,,,,,,,,,,,,,,,,,,,,,
17:55:21,,,,,,,,,,,,,,,,021.367,00.044,00.000,,,,,,,,,,,,,,,,,,,
17:56:21,021.352,00.043,00.000,,,,,,,,,,,,,,,,,,,,,,,,,,,,,,,,,,
17:57:21,,,,021.361,00.042,00.000,,,,,,,,,,,,,,,,,,,,,,,,,,,,,,,
17:58:21,,,,,,,018.632,02.627,00.000,,,,,,,,,,,,,,,,,,,,,,,,,,,,
17:59:21,,,,,,,,,,019.480,01.746,00.000,,,,,,,,,,,,,,,,,,,,,,,,,
18:00:21,021.363,00.049,00.000,,,,,,,,,,,,,,,,,,,,,,,,,,,,,,,,,,
18:01:21,,,,021.357,00.043,00.000,,,,,,,,,,,,,,,,,,,,,,,,,,,,,,,
18:02:21,,,,,,,018.476,02.768,00.000,,,,,,,,,,,,,,,,,,,,,,,,,,,,
18:03:21,,,,,,,,,,019.368,01.843,00.000,,,,,,,,,,,,,,,,,,,,,,,,,
18:04:21,,,,,,,,,,,,,,,,021.356,00.045,00.000,,,,,,,,,,,,,,,,,,,
18:05:21,021.349,00.044,00.000,,,,,,,,,,,,,,,,,,,,,,,,,,,,,,,,,,
18:06:21,,,,021.361,00.042,00.000,,,,,,,,,,,,,,,,,,,,,,,,,,,,,,,
18:07:21,,,,,,,018.271,02.956,00.000,,,,,,,,,,,,,,,,,,,,,,,,,,,,
18:08:21,,,,,,,,,,019.239,01.943,00.000,,,,,,,,,,,,,,,,,,,,,,,,,
18:09:21,021.344,00.049,00.000,,,,,,,,,,,,,,,,,,,,,,,,,,,,,,,,,,
18:10:21,,,,021.371,00.044,00.000,,,,,,,,,,,,,,,,,,,,,,,,,,,,,,,
18:11:21,,,,,,,018.084,03.115,00.000,,,,,,,,,,,,,,,,,,,,,,,,,,,,
18:12:21,,,,,,,,,,019.126,02.053,00.000,,,,,,,,,,,,,,,,,,,,,,,,,
18:13:21,,,,,,,,,,,,,,,,021.350,00.047,00.000,,,,,,,,,,,,,,,,,,,
18:14:21,021.364,00.045,00.000,,,,,,,,,,,,,,,,,,,,,,,,,,,,,,,,,,
18:15:21,,,,021.361,00.042,00.000,,,,,,,,,,,,,,,,,,,,,,,,,,,,,,,
18:16:21,,,,,,,017.842,03.351,00.000,,,,,,,,,,,,,,,,,,,,,,,,,,,,
18:17:21,,,,,,,,,,018.954,02.204,00.000,,,,,,,,,,,,,,,,,,,,,,,,,
18:18:21,021.363,00.052,00.000,,,,,,,,,,,,,,,,,,,,,,,,,,,,,,,,,,
18:19:21,,,,021.356,00.045,00.000,,,,,,,,,,,,,,,,,,,,,,,,,,,,,,,
18:20:21,,,,,,,017.650,03.544,00.000,,,,,,,,,,,,,,,,,,,,,,,,,,,,
18:21:21,,,,,,,,,,018.819,02.318,00.000,,,,,,,,,,,,,,,,,,,,,,,,,
18:22:21,,,,,,,,,,,,,,,,021.360,00.050,00.000,,,,,,,,,,,,,,,,,,,
18:23:21,021.362,00.045,00.000,,,,,,,,,,,,,,,,,,,,,,,,,,,,,,,,,,
18:24:21,,,,021.365,00.043,00.000,,,,,,,,,,,,,,,,,,,,,,,,,,,,,,,
18:25:21,,,,,,,017.385,03.806,00.000,,,,,,,,,,,,,,,,,,,,,,,,,,,,
18:26:21,,,,,,,,,,018.657,02.448,00.000,,,,,,,,,,,,,,,,,,,,,,,,,
18:27:21,021.359,00.054,00.000,,,,,,,,,,,,,,,,,,,,,,,,,,,,,,,,,,
18:28:21,,,,021.371,00.046,00.000,,,,,,,,,,,,,,,,,,,,,,,,,,,,,,,
18:29:21,,,,,,,017.153,04.029,00.000,,,,,,,,,,,,,,,,,,,,,,,,,,,,
18:30:21,,,,,,,,,,018.511,02.599,00.000,,,,,,,,,,,,,,,,,,,,,,,,,
18:31:21,,,,,,,,,,,,,,,,021.356,00.051,00.000,,,,,,,,,,,,,,,,,,,
18:32:21,021.366,00.047,00.000,,,,,,,,,,,,,,,,,,,,,,,,,,,,,,,,,,
18:33:21,,,,021.372,00.044,00.000,,,,,,,,,,,,,,,,,,,,,,,,,,,,,,,
18:34:21,,,,,,,019.080,02.578,00.000,,,,,,,,,,,,,,,,,,,,,,,,,,,,
18:35:21,,,,,,,,,,018.324,02.757,00.000,,,,,,,,,,,,,,,,,,,,,,,,,
18:36:21,021.354,00.054,00.000,,,,,,,,,,,,,,,,,,,,,,,,,,,,,,,,,,
18:37:21,,,,021.376,00.047,00.000,,,,,,,,,,,,,,,,,,,,,,,,,,,,,,,
18:38:21,,,,,,,019.964,01.564,00.000,,,,,,,,,,,,,,,,,,,,,,,,,,,,
18:39:21,,,,,,,,,,018.170,02.867,00.000,,,,,,,,,,,,,,,,,,,,,,,,,
18:40:21,,,,,,,,,,,,,,,,021.357,00.049,00.000,,,,,,,,,,,,,,,,,,,
18:41:21,021.353,00.046,00.000,,,,,,,,,,,,,,,,,,,,,,,,,,,,,,,,,,
18:42:21,,,,021.368,00.044,00.000,,,,,,,,,,,,,,,,,,,,,,,,,,,,,,,
18:43:21,,,,,,,020.023,01.400,00.000,,,,,,,,,,,,,,,,,,,,,,,,,,,,
18:44:21,,,,,,,,,,018.419,02.924,00.000,,,,,,,,,,,,,,,,,,,,,,,,,
18:45:21,021.358,00.053,00.000,,,,,,,,,,,,,,,,,,,,,,,,,,,,,,,,,,
18:46:21,,,,021.362,00.046,00.000,,,,,,,,,,,,,,,,,,,,,,,,,,,,,,,
18:47:21,,,,,,,019.969,01.427,00.000,,,,,,,,,,,,,,,,,,,,,,,,,,,,
18:48:21,,,,,,,,,,019.835,01.885,00.000,,,,,,,,,,,,,,,,,,,,,,,,,
18:49:21,,,,,,,,,,,,,,,,021.374,00.042,00.000,,,,,,,,,,,,,,,,,,,
18:50:21,021.369,00.045,00.000,,,,,,,,,,,,,,,,,,,,,,,,,,,,,,,,,,
18:51:21,,,,021.366,00.041,00.000,,,,,,,,,,,,,,,,,,,,,,,,,,,,,,,
18:52:21,,,,,,,019.866,01.454,00.000,,,,,,,,,,,,,,,,,,,,,,,,,,,,
18:53:21,,,,,,,,,,020.212,01.332,00.000,,,,,,,,,,,,,,,,,,,,,,,,,
18:54:21,021.368,00.048,00.000,,,,,,,,,,,,,,,,,,,,,,,,,,,,,,,,,,
18:55:21,,,,021.372,00.044,00.000,,,,,,,,,,,,,,,,,,,,,,,,,,,,,,,
18:56:21,,,,,,,019.779,01.527,00.000,,,,,,,,,,,,,,,,,,,,,,,,,,,,
18:57:21,,,,,,,,,,020.226,01.234,00.000,,,,,,,,,,,,,,,,,,,,,,,,,
18:58:21,,,,,,,,,,,,,,,,021.370,00.038,00.000,,,,,,,,,,,,,,,,,,,
18:59:21,021.381,00.044,00.000,,,,,,,,,,,,,,,,,,,,,,,,,,,,,,,,,,
19:00:21,,,,021.379,00.043,00.000,,,,,,,,,,,,,,,,,,,,,,,,,,,,,,,
19:01:21,,,,,,,019.666,01.666,00.000,,,,,,,,,,,,,,,,,,,,,,,,,,,,
19:02:21,,,,,,,,,,020.173,01.223,00.000,,,,,,,,,,,,,,,,,,,,,,,,,
19:03:21,021.371,00.048,00.000,,,,,,,,,,,,,,,,,,,,,,,,,,,,,,,,,,
19:04:21,,,,021.386,00.044,00.000,,,,,,,,,,,,,,,,,,,,,,,,,,,,,,,
19:05:21,,,,,,,019.581,01.764,00.000,,,,,,,,,,,,,,,,,,,,,,,,,,,,
19:06:21,,,,,,,,,,020.099,01.264,00.000,,,,,,,,,,,,,,,,,,,,,,,,,
19:07:21,,,,,,,,,,,,,,,,021.380,00.041,00.000,,,,,,,,,,,,,,,,,,,
19:08:21,021.380,00.043,00.000,,,,,,,,,,,,,,,,,,,,,,,,,,,,,,,,,,
19:09:21,,,,021.386,00.042,00.000,,,,,,,,,,,,,,,,,,,,,,,,,,,,,,,
19:10:21,,,,,,,019.453,01.857,00.000,,,,,,,,,,,,,,,,,,,,,,,,,,,,
19:11:21,,,,,,,,,,020.027,01.342,00.000,,,,,,,,,,,,,,,,,,,,,,,,,
19:12:21,021.356,00.047,00.000,,,,,,,,,,,,,,,,,,,,,,,,,,,,,,,,,,
19:13:21,,,,021.366,00.043,00.000,,,,,,,,,,,,,,,,,,,,,,,,,,,,,,,
19:14:21,,,,,,,019.364,01.923,00.000,,,,,,,,,,,,,,,,,,,,,,,,,,,,
19:15:21,,,,,,,,,,019.973,01.364,00.000,,,,,,,,,,,,,,,,,,,,,,,,,
19:16:21,,,,,,,,,,,,,,,,021.367,00.042,00.000,,,,,,,,,,,,,,,,,,,
19:17:21,021.361,00.042,00.000,,,,,,,,,,,,,,,,,,,,,,,,,,,,,,,,,,
19:18:21,,,,021.381,00.041,00.000,,,,,,,,,,,,,,,,,,,,,,,,,,,,,,,
19:19:21,,,,,,,019.223,02.091,00.000,,,,,,,,,,,,,,,,,,,,,,,,,,,,
19:20:21,,,,,,,,,,019.845,01.459,00.000,,,,,,,,,,,,,,,,,,,,,,,,,
19:21:21,021.373,00.047,00.000,,,,,,,,,,,,,,,,,,,,,,,,,,,,,,,,,,
19:22:21,,,,021.380,00.042,00.000,,,,,,,,,,,,,,,,,,,,,,,,,,,,,,,
19:23:21,,,,,,,019.109,02.159,00.000,,,,,,,,,,,,,,,,,,,,,,,,,,,,
19:24:21,,,,,,,,,,019.760,01.563,00.000,,,,,,,,,,,,,,,,,,,,,,,,,
19:25:21,,,,,,,,,,,,,,,,021.367,00.043,00.000,,,,,,,,,,,,,,,,,,,
19:26:21,021.368,00.043,00.000,,,,,,,,,,,,,,,,,,,,,,,,,,,,,,,,,,
19:27:21,,,,021.378,00.041,00.000,,,,,,,,,,,,,,,,,,,,,,,,,,,,,,,
19:28:21,,,,,,,019.789,01.661,00.000,,,,,,,,,,,,,,,,,,,,,,,,,,,,
19:29:21,,,,,,,,,,019.647,01.652,00.000,,,,,,,,,,,,,,,,,,,,,,,,,
19:30:21,021.368,00.047,00.000,,,,,,,,,,,,,,,,,,,,,,,,,,,,,,,,,,
19:31:21,,,,021.368,00.043,00.000,,,,,,,,,,,,,,,,,,,,,,,,,,,,,,,
19:32:21,,,,,,,020.873,00.728,00.000,,,,,,,,,,,,,,,,,,,,,,,,,,,,
19:33:21,,,,,,,,,,019.547,01.724,00.000,,,,,,,,,,,,,,,,,,,,,,,,,
19:34:21,,,,,,,,,,,,,,,,021.384,00.041,00.000,,,,,,,,,,,,,,,,,,,
19:35:21,021.370,00.042,00.000,,,,,,,,,,,,,,,,,,,,,,,,,,,,,,,,,,
19:36:21,,,,021.378,00.040,00.000,,,,,,,,,,,,,,,,,,,,,,,,,,,,,,,
19:37:21,,,,,,,021.122,00.363,00.000,,,,,,,,,,,,,,,,,,,,,,,,,,,,
19:38:21,,,,,,,,,,019.432,01.780,00.000,,,,,,,,,,,,,,,,,,,,,,,,,
19:39:21,021.362,00.045,00.000,,,,,,,,,,,,,,,,,,,,,,,,,,,,,,,,,,
19:40:21,,,,021.366,00.041,00.000,,,,,,,,,,,,,,,,,,,,,,,,,,,,,,,
19:41:21,,,,,,,020.805,00.475,00.000,,,,,,,,,,,,,,,,,,,,,,,,,,,,
19:42:21,,,,,,,,,,019.332,01.909,00.000,,,,,,,,,,,,,,,,,,,,,,,,,
19:43:21,,,,,,,,,,,,,,,,021.370,00.040,00.000,,,,,,,,,,,,,,,,,,,
19:44:21,021.377,00.041,00.000,,,,,,,,,,,,,,,,,,,,,,,,,,,,,,,,,,
19:45:21,,,,021.371,00.040,00.000,,,,,,,,,,,,,,,,,,,,,,,,,,,,,,,
19:46:21,,,,,,,019.663,01.479,00.000,,,,,,,,,,,,,,,,,,,,,,,,,,,,
19:47:21,,,,,,,,,,019.194,02.043,00.000,,,,,,,,,,,,,,,,,,,,,,,,,
19:48:21,021.349,00.047,00.000,,,,,,,,,,,,,,,,,,,,,,,,,,,,,,,,,,
19:49:21,,,,021.383,00.042,00.000,,,,,,,,,,,,,,,,,,,,,,,,,,,,,,,
19:50:21,,,,,,,019.533,01.713,00.000,,,,,,,,,,,,,,,,,,,,,,,,,,,,
19:51:21,,,,,,,,,,019.795,01.740,00.000,,,,,,,,,,,,,,,,,,,,,,,,,
19:52:21,,,,,,,,,,,,,,,,021.382,00.041,00.000,,,,,,,,,,,,,,,,,,,
19:53:21,021.374,00.041,00.000,,,,,,,,,,,,,,,,,,,,,,,,,,,,,,,,,,
19:54:21,,,,021.374,00.040,00.000,,,,,,,,,,,,,,,,,,,,,,,,,,,,,,,
19:55:21,,,,,,,019.544,01.752,00.000,,,,,,,,,,,,,,,,,,,,,,,,,,,,
19:56:21,,,,,,,,,,019.109,02.076,00.000,,,,,,,,,,,,,,,,,,,,,,,,,
19:57:21,021.366,00.048,00.000,,,,,,,,,,,,,,,,,,,,,,,,,,,,,,,,,,
19:58:21,,,,021.365,00.042,00.000,,,,,,,,,,,,,,,,,,,,,,,,,,,,,,,
19:59:21,,,,,,,019.482,01.802,00.000,,,,,,,,,,,,,,,,,,,,,,,,,,,,
20:00:21,,,,,,,,,,018.922,02.288,00.000,,,,,,,,,,,,,,,,,,,,,,,,,
20:01:21,,,,,,,,,,,,,,,,021.377,00.044,00.000,,,,,,,,,,,,,,,,,,,
20:02:21,021.379,00.043,00.000,,,,,,,,,,,,,,,,,,,,,,,,,,,,,,,,,,
20:03:21,,,,021.370,00.040,00.000,,,,,,,,,,,,,,,,,,,,,,,,,,,,,,,
20:04:21,,,,,,,019.596,01.801,00.000,,,,,,,,,,,,,,,,,,,,,,,,,,,,
20:05:21,,,,,,,,,,019.564,01.881,00.000,,,,,,,,,,,,,,,,,,,,,,,,,
20:06:21,021.365,00.047,00.000,,,,,,,,,,,,,,,,,,,,,,,,,,,,,,,,,,
20:07:21,,,,021.354,00.042,00.000,,,,,,,,,,,,,,,,,,,,,,,,,,,,,,,
20:08:21,,,,,,,019.800,01.585,00.000,,,,,,,,,,,,,,,,,,,,,,,,,,,,
20:09:21,,,,,,,,,,019.649,01.749,00.000,,,,,,,,,,,,,,,,,,,,,,,,,
20:10:21,,,,,,,,,,,,,,,,021.380,00.042,00.000,,,,,,,,,,,,,,,,,,,
20:11:21,021.386,00.041,00.000,,,,,,,,,,,,,,,,,,,,,,,,,,,,,,,,,,
20:12:21,,,,021.378,00.039,00.000,,,,,,,,,,,,,,,,,,,,,,,,,,,,,,,
20:13:21,,,,,,,019.525,01.747,00.000,,,,,,,,,,,,,,,,,,,,,,,,,,,,
20:14:21,,,,,,,,,,019.545,01.769,00.000,,,,,,,,,,,,,,,,,,,,,,,,,
20:15:21,021.364,00.046,00.000,,,,,,,,,,,,,,,,,,,,,,,,,,,,,,,,,,
20:16:21,,,,021.364,00.041,00.000,,,,,,,,,,,,,,,,,,,,,,,,,,,,,,,
20:17:21,,,,,,,019.449,01.855,00.000,,,,,,,,,,,,,,,,,,,,,,,,,,,,
20:18:21,,,,,,,,,,019.530,01.785,00.000,,,,,,,,,,,,,,,,,,,,,,,,,
20:19:21,,,,,,,,,,,,,,,,021.372,00.043,00.000,,,,,,,,,,,,,,,,,,,
20:20:21,021.372,00.041,00.000,,,,,,,,,,,,,,,,,,,,,,,,,,,,,,,,,,
20:21:21,,,,021.371,00.040,00.000,,,,,,,,,,,,,,,,,,,,,,,,,,,,,,,
20:22:21,,,,,,,020.616,00.938,00.000,,,,,,,,,,,,,,,,,,,,,,,,,,,,
20:23:21,,,,,,,,,,019.465,01.837,00.000,,,,,,,,,,,,,,,,,,,,,,,,,
20:24:21,021.365,00.044,00.000,,,,,,,,,,,,,,,,,,,,,,,,,,,,,,,,,,
20:25:21,,,,021.371,00.041,00.000,,,,,,,,,,,,,,,,,,,,,,,,,,,,,,,
20:26:21,,,,,,,019.634,01.577,00.000,,,,,,,,,,,,,,,,,,,,,,,,,,,,
20:27:21,,,,,,,,,,019.448,01.887,00.000,,,,,,,,,,,,,,,,,,,,,,,,,
20:28:21,,,,,,,,,,,,,,,,021.371,00.043,00.000,,,,,,,,,,,,,,,,,,,
20:29:21,021.382,00.041,00.000,,,,,,,,,,,,,,,,,,,,,,,,,,,,,,,,,,
20:30:21,,,,021.377,00.039,00.000,,,,,,,,,,,,,,,,,,,,,,,,,,,,,,,
20:31:21,,,,,,,019.264,02.002,00.000,,,,,,,,,,,,,,,,,,,,,,,,,,,,
20:32:21,,,,,,,,,,019.419,01.933,00.000,,,,,,,,,,,,,,,,,,,,,,,,,
20:33:21,021.364,00.046,00.000,,,,,,,,,,,,,,,,,,,,,,,,,,,,,,,,,,
20:34:21,,,,021.386,00.042,00.000,,,,,,,,,,,,,,,,,,,,,,,,,,,,,,,
20:35:21,,,,,,,019.187,02.091,00.000,,,,,,,,,,,,,,,,,,,,,,,,,,,,
20:36:21,,,,,,,,,,019.373,01.980,00.000,,,,,,,,,,,,,,,,,,,,,,,,,
20:37:21,,,,,,,,,,,,,,,,021.374,00.043,00.000,,,,,,,,,,,,,,,,,,,
20:38:21,021.367,00.040,00.000,,,,,,,,,,,,,,,,,,,,,,,,,,,,,,,,,,
20:39:21,,,,021.370,00.038,00.000,,,,,,,,,,,,,,,,,,,,,,,,,,,,,,,
20:40:21,,,,,,,019.102,02.149,00.000,,,,,,,,,,,,,,,,,,,,,,,,,,,,
20:41:21,,,,,,,,,,019.311,01.933,00.000,,,,,,,,,,,,,,,,,,,,,,,,,
20:42:21,021.365,00.045,00.000,,,,,,,,,,,,,,,,,,,,,,,,,,,,,,,,,,
20:43:21,,,,021.370,00.040,00.000,,,,,,,,,,,,,,,,,,,,,,,,,,,,,,,
20:44:21,,,,,,,019.057,02.237,00.000,,,,,,,,,,,,,,,,,,,,,,,,,,,,
20:45:21,,,,,,,,,,019.289,02.025,00.000,,,,,,,,,,,,,,,,,,,,,,,,,
20:46:21,,,,,,,,,,,,,,,,021.350,00.044,00.000,,,,,,,,,,,,,,,,,,,
20:47:21,021.382,00.041,00.000,,,,,,,,,,,,,,,,,,,,,,,,,,,,,,,,,,
20:48:21,,,,021.373,00.039,00.000,,,,,,,,,,,,,,,,,,,,,,,,,,,,,,,
20:49:21,,,,,,,019.006,02.271,00.000,,,,,,,,,,,,,,,,,,,,,,,,,,,,
20:50:21,,,,,,,,,,019.249,02.080,00.000,,,,,,,,,,,,,,,,,,,,,,,,,
20:51:21,021.358,00.046,00.000,,,,,,,,,,,,,,,,,,,,,,,,,,,,,,,,,,
20:52:21,,,,021.381,00.041,00.000,,,,,,,,,,,,,,,,,,,,,,,,,,,,,,,
20:53:21,,,,,,,018.962,02.362,00.000,,,,,,,,,,,,,,,,,,,,,,,,,,,,
20:54:21,,,,,,,,,,019.196,02.116,00.000,,,,,,,,,,,,,,,,,,,,,,,,,
20:55:21,,,,,,,,,,,,,,,,021.355,00.044,00.000,,,,,,,,,,,,,,,,,,,
20:56:21,021.366,00.041,00.000,,,,,,,,,,,,,,,,,,,,,,,,,,,,,,,,,,
20:57:21,,,,021.383,00.039,00.000,,,,,,,,,,,,,,,,,,,,,,,,,,,,,,,
20:58:21,,,,,,,018.865,02.453,00.000,,,,,,,,,,,,,,,,,,,,,,,,,,,,
20:59:21,,,,,,,,,,019.096,02.227,00.000,,,,,,,,,,,,,,,,,,,,,,,,,
21:00:21,021.372,00.048,00.000,,,,,,,,,,,,,,,,,,,,,,,,,,,,,,,,,,
21:01:21,,,,021.379,00.041,00.000,,,,,,,,,,,,,,,,,,,,,,,,,,,,,,,
21:02:21,,,,,,,018.798,02.462,00.000,,,,,,,,,,,,,,,,,,,,,,,,,,,,
21:03:21,,,,,,,,,,018.991,02.325,00.000,,,,,,,,,,,,,,,,,,,,,,,,,
21:04:21,,,,,,,,,,,,,,,,021.364,00.046,00.000,,,,,,,,,,,,,,,,,,,
21:05:21,021.379,00.042,00.000,,,,,,,,,,,,,,,,,,,,,,,,,,,,,,,,,,
21:06:21,,,,021.381,00.040,00.000,,,,,,,,,,,,,,,,,,,,,,,,,,,,,,,
21:07:21,,,,,,,018.744,02.591,00.000,,,,,,,,,,,,,,,,,,,,,,,,,,,,
21:08:21,,,,,,,,,,018.927,02.354,00.000,,,,,,,,,,,,,,,,,,,,,,,,,
21:09:21,021.358,00.049,00.000,,,,,,,,,,,,,,,,,,,,,,,,,,,,,,,,,,
21:10:21,,,,021.369,00.043,00.000,,,,,,,,,,,,,,,,,,,,,,,,,,,,,,,
21:11:21,,,,,,,018.634,02.653,00.000,,,,,,,,,,,,,,,,,,,,,,,,,,,,
21:12:21,,,,,,,,,,018.891,02.429,00.000,,,,,,,,,,,,,,,,,,,,,,,,,
21:13:21,,,,,,,,,,,,,,,,021.359,00.046,00.000,,,,,,,,,,,,,,,,,,,
21:14:21,021.379,00.042,00.000,,,,,,,,,,,,,,,,,,,,,,,,,,,,,,,,,,
21:15:21,,,,021.366,00.040,00.000,,,,,,,,,,,,,,,,,,,,,,,,,,,,,,,
21:16:21,,,,,,,018.690,02.587,00.000,,,,,,,,,,,,,,,,,,,,,,,,,,,,
21:17:21,,,,,,,,,,018.851,02.427,00.000,,,,,,,,,,,,,,,,,,,,,,,,,
21:18:21,021.359,00.050,00.000,,,,,,,,,,,,,,,,,,,,,,,,,,,,,,,,,,
21:19:21,,,,021.359,00.043,00.000,,,,,,,,,,,,,,,,,,,,,,,,,,,,,,,
21:20:21,,,,,,,018.708,02.616,00.000,,,,,,,,,,,,,,,,,,,,,,,,,,,,
21:21:21,,,,,,,,,,018.780,02.469,00.000,,,,,,,,,,,,,,,,,,,,,,,,,
21:22:21,,,,,,,,,,,,,,,,021.360,00.045,00.000,,,,,,,,,,,,,,,,,,,
21:23:21,021.375,00.043,00.000,,,,,,,,,,,,,,,,,,,,,,,,,,,,,,,,,,
21:24:21,,,,021.376,00.040,00.000,,,,,,,,,,,,,,,,,,,,,,,,,,,,,,,
21:25:21,,,,,,,018.564,02.763,00.000,,,,,,,,,,,,,,,,,,,,,,,,,,,,
21:26:21,,,,,,,,,,018.729,02.510,00.000,,,,,,,,,,,,,,,,,,,,,,,,,
21:27:21,021.343,00.049,00.000,,,,,,,,,,,,,,,,,,,,,,,,,,,,,,,,,,
21:28:21,,,,021.364,00.043,00.000,,,,,,,,,,,,,,,,,,,,,,,,,,,,,,,
21:29:21,,,,,,,018.772,02.518,00.000,,,,,,,,,,,,,,,,,,,,,,,,,,,,
21:30:21,,,,,,,,,,018.690,02.582,00.000,,,,,,,,,,,,,,,,,,,,,,,,,
21:31:21,,,,,,,,,,,,,,,,021.349,00.046,00.000,,,,,,,,,,,,,,,,,,,
21:32:21,021.366,00.042,00.000,,,,,,,,,,,,,,,,,,,,,,,,,,,,,,,,,,
21:33:21,,,,021.367,00.040,00.000,,,,,,,,,,,,,,,,,,,,,,,,,,,,,,,
21:34:21,,,,,,,018.939,02.385,00.000,,,,,,,,,,,,,,,,,,,,,,,,,,,,
21:35:21,,,,,,,,,,018.643,02.654,00.000,,,,,,,,,,,,,,,,,,,,,,,,,
21:36:21,021.353,00.050,00.000,,,,,,,,,,,,,,,,,,,,,,,,,,,,,,,,,,
21:37:21,,,,021.365,00.042,00.000,,,,,,,,,,,,,,,,,,,,,,,,,,,,,,,
21:38:21,,,,,,,018.182,02.935,00.000,,,,,,,,,,,,,,,,,,,,,,,,,,,,
21:39:21,,,,,,,,,,018.576,02.633,00.000,,,,,,,,,,,,,,,,,,,,,,,,,
21:40:21,,,,,,,,,,,,,,,,021.350,00.047,00.000,,,,,,,,,,,,,,,,,,,
21:41:21,021.369,00.043,00.000,,,,,,,,,,,,,,,,,,,,,,,,,,,,,,,,,,
21:42:21,,,,021.366,00.040,00.000,,,,,,,,,,,,,,,,,,,,,,,,,,,,,,,
21:43:21,,,,,,,018.673,02.696,00.000,,,,,,,,,,,,,,,,,,,,,,,,,,,,
21:44:21,,,,,,,,,,018.432,02.763,00.000,,,,,,,,,,,,,,,,,,,,,,,,,
21:45:21,021.350,00.051,00.000,,,,,,,,,,,,,,,,,,,,,,,,,,,,,,,,,,
21:46:21,,,,021.357,00.044,00.000,,,,,,,,,,,,,,,,,,,,,,,,,,,,,,,
21:47:21,,,,,,,018.662,02.405,00.000,,,,,,,,,,,,,,,,,,,,,,,,,,,,
21:48:21,,,,,,,,,,018.407,02.836,00.000,,,,,,,,,,,,,,,,,,,,,,,,,
21:49:21,,,,,,,,,,,,,,,,021.361,00.049,00.000,,,,,,,,,,,,,,,,,,,
21:50:21,021.369,00.045,00.000,,,,,,,,,,,,,,,,,,,,,,,,,,,,,,,,,,
21:51:21,,,,021.373,00.042,00.000,,,,,,,,,,,,,,,,,,,,,,,,,,,,,,,
21:52:21,,,,,,,018.805,02.458,00.000,,,,,,,,,,,,,,,,,,,,,,,,,,,,
21:53:21,,,,,,,,,,018.321,02.966,00.000,,,,,,,,,,,,,,,,,,,,,,,,,
21:54:21,021.353,00.054,00.000,,,,,,,,,,,,,,,,,,,,,,,,,,,,,,,,,,
21:55:21,,,,021.371,00.045,00.000,,,,,,,,,,,,,,,,,,,,,,,,,,,,,,,
21:56:21,,,,,,,019.037,02.473,00.000,,,,,,,,,,,,,,,,,,,,,,,,,,,,
21:57:21,,,,,,,,,,018.197,03.048,00.000,,,,,,,,,,,,,,,,,,,,,,,,,
21:58:21,,,,,,,,,,,,,,,,021.353,00.048,00.000,,,,,,,,,,,,,,,,,,,
21:59:21,021.357,00.045,00.000,,,,,,,,,,,,,,,,,,,,,,,,,,,,,,,,,,
22:00:21,,,,021.359,00.040,00.000,,,,,,,,,,,,,,,,,,,,,,,,,,,,,,,
22:01:21,,,,,,,019.246,02.037,00.000,,,,,,,,,,,,,,,,,,,,,,,,,,,,
22:02:21,,,,,,,,,,018.142,02.972,00.000,,,,,,,,,,,,,,,,,,,,,,,,,
22:03:21,021.361,00.052,00.000,,,,,,,,,,,,,,,,,,,,,,,,,,,,,,,,,,
22:04:21,,,,021.359,00.043,00.000,,,,,,,,,,,,,,,,,,,,,,,,,,,,,,,
22:05:21,,,,,,,017.485,03.313,00.000,,,,,,,,,,,,,,,,,,,,,,,,,,,,
22:06:21,,,,,,,,,,018.312,02.982,00.000,,,,,,,,,,,,,,,,,,,,,,,,,
22:07:21,,,,,,,,,,,,,,,,021.354,00.049,00.000,,,,,,,,,,,,,,,,,,,
22:08:21,021.353,00.044,00.000,,,,,,,,,,,,,,,,,,,,,,,,,,,,,,,,,,
22:09:21,,,,021.365,00.041,00.000,,,,,,,,,,,,,,,,,,,,,,,,,,,,,,,
22:10:21,,,,,,,015.756,04.450,00.000,,,,,,,,,,,,,,,,,,,,,,,,,,,,
22:11:21,,,,,,,,,,018.104,02.985,00.000,,,,,,,,,,,,,,,,,,,,,,,,,
22:12:21,021.334,00.054,00.000,,,,,,,,,,,,,,,,,,,,,,,,,,,,,,,,,,
22:13:21,,,,021.365,00.044,00.000,,,,,,,,,,,,,,,,,,,,,,,,,,,,,,,
22:14:21,,,,,,,015.379,05.390,00.000,,,,,,,,,,,,,,,,,,,,,,,,,,,,
22:15:21,,,,,,,,,,018.346,02.755,00.000,,,,,,,,,,,,,,,,,,,,,,,,,
22:16:21,,,,,,,,,,,,,,,,021.343,00.051,00.000,,,,,,,,,,,,,,,,,,,
22:17:21,021.343,00.045,00.000,,,,,,,,,,,,,,,,,,,,,,,,,,,,,,,,,,
22:18:21,,,,021.357,00.042,00.000,,,,,,,,,,,,,,,,,,,,,,,,,,,,,,,
22:19:21,,,,,,,015.250,05.810,00.000,,,,,,,,,,,,,,,,,,,,,,,,,,,,
22:20:21,,,,,,,,,,017.601,02.877,00.000,,,,,,,,,,,,,,,,,,,,,,,,,
22:21:21,021.331,00.056,00.000,,,,,,,,,,,,,,,,,,,,,,,,,,,,,,,,,,
22:22:21,,,,021.349,00.044,00.000,,,,,,,,,,,,,,,,,,,,,,,,,,,,,,,
22:23:21,,,,,,,015.329,05.364,00.000,,,,,,,,,,,,,,,,,,,,,,,,,,,,
22:24:21,,,,,,,,,,017.359,03.596,00.000,,,,,,,,,,,,,,,,,,,,,,,,,
22:25:21,,,,,,,,,,,,,,,,021.342,00.055,00.000,,,,,,,,,,,,,,,,,,,
22:26:21,021.364,00.047,00.000,,,,,,,,,,,,,,,,,,,,,,,,,,,,,,,,,,
22:27:21,,,,021.358,00.043,00.000,,,,,,,,,,,,,,,,,,,,,,,,,,,,,,,
22:28:21,,,,,,,015.292,05.581,00.000,,,,,,,,,,,,,,,,,,,,,,,,,,,,
22:29:21,,,,,,,,,,017.012,04.026,00.000,,,,,,,,,,,,,,,,,,,,,,,,,
22:30:21,021.343,00.060,00.000,,,,,,,,,,,,,,,,,,,,,,,,,,,,,,,,,,
22:31:21,,,,021.357,00.046,00.000,,,,,,,,,,,,,,,,,,,,,,,,,,,,,,,
22:32:21,,,,,,,015.225,05.559,00.000,,,,,,,,,,,,,,,,,,,,,,,,,,,,
22:33:21,,,,,,,,,,016.974,03.905,00.000,,,,,,,,,,,,,,,,,,,,,,,,,
22:34:21,,,,,,,,,,,,,,,,021.332,00.057,00.000,,,,,,,,,,,,,,,,,,,
22:35:21,021.364,00.049,00.000,,,,,,,,,,,,,,,,,,,,,,,,,,,,,,,,,,
22:36:21,,,,021.374,00.045,00.000,,,,,,,,,,,,,,,,,,,,,,,,,,,,,,,
22:37:21,,,,,,,015.381,05.352,00.000,,,,,,,,,,,,,,,,,,,,,,,,,,,,
22:38:21,,,,,,,,,,017.007,04.163,00.000,,,,,,,,,,,,,,,,,,,,,,,,,
22:39:21,021.356,00.063,00.000,,,,,,,,,,,,,,,,,,,,,,,,,,,,,,,,,,
22:40:21,,,,021.360,00.050,00.000,,,,,,,,,,,,,,,,,,,,,,,,,,,,,,,
22:41:21,,,,,,,015.610,05.157,00.000,,,,,,,,,,,,,,,,,,,,,,,,,,,,
22:42:21,,,,,,,,,,016.937,04.212,00.000,,,,,,,,,,,,,,,,,,,,,,,,,
22:43:21,,,,,,,,,,,,,,,,021.358,00.059,00.000,,,,,,,,,,,,,,,,,,,
22:44:21,021.363,00.050,00.000,,,,,,,,,,,,,,,,,,,,,,,,,,,,,,,,,,
22:45:21,,,,021.374,00.046,00.000,,,,,,,,,,,,,,,,,,,,,,,,,,,,,,,
22:46:21,,,,,,,015.767,05.279,00.000,,,,,,,,,,,,,,,,,,,,,,,,,,,,
22:47:21,,,,,,,,,,017.000,04.053,00.000,,,,,,,,,,,,,,,,,,,,,,,,,
22:48:21,021.345,00.063,00.000,,,,,,,,,,,,,,,,,,,,,,,,,,,,,,,,,,
22:49:21,,,,021.373,00.051,00.000,,,,,,,,,,,,,,,,,,,,,,,,,,,,,,,
22:50:21,,,,,,,015.363,05.501,00.000,,,,,,,,,,,,,,,,,,,,,,,,,,,,
22:51:21,,,,,,,,,,017.002,04.370,00.000,,,,,,,,,,,,,,,,,,,,,,,,,
22:52:21,,,,,,,,,,,,,,,,021.354,00.061,00.000,,,,,,,,,,,,,,,,,,,
22:53:21,021.351,00.051,00.000,,,,,,,,,,,,,,,,,,,,,,,,,,,,,,,,,,
22:54:21,,,,021.372,00.047,00.000,,,,,,,,,,,,,,,,,,,,,,,,,,,,,,,
22:55:21,,,,,,,015.578,05.077,00.000,,,,,,,,,,,,,,,,,,,,,,,,,,,,
22:56:21,,,,,,,,,,016.794,04.354,00.000,,,,,,,,,,,,,,,,,,,,,,,,,
22:57:21,021.358,00.065,00.000,,,,,,,,,,,,,,,,,,,,,,,,,,,,,,,,,,
22:58:21,,,,021.363,00.052,00.000,,,,,,,,,,,,,,,,,,,,,,,,,,,,,,,
22:59:21,,,,,,,015.914,05.133,00.000,,,,,,,,,,,,,,,,,,,,,,,,,,,,
23:00:21,,,,,,,,,,018.054,03.390,00.000,,,,,,,,,,,,,,,,,,,,,,,,,
23:01:21,,,,,,,,,,,,,,,,021.347,00.058,00.000,,,,,,,,,,,,,,,,,,,
23:02:21,021.361,00.051,00.000,,,,,,,,,,,,,,,,,,,,,,,,,,,,,,,,,,
23:03:21,,,,021.368,00.047,00.000,,,,,,,,,,,,,,,,,,,,,,,,,,,,,,,
23:04:20,,,,,,,015.637,05.413,00.000,,,,,,,,,,,,,,,,,,,,,,,,,,,,
23:05:21,,,,,,,,,,018.239,03.178,00.000,,,,,,,,,,,,,,,,,,,,,,,,,
23:06:21,021.354,00.061,00.000,,,,,,,,,,,,,,,,,,,,,,,,,,,,,,,,,,
23:07:21,,,,021.361,00.050,00.000,,,,,,,,,,,,,,,,,,,,,,,,,,,,,,,
23:08:20,,,,,,,015.744,05.154,00.000,,,,,,,,,,,,,,,,,,,,,,,,,,,,
23:09:21,,,,,,,,,,018.119,03.068,00.000,,,,,,,,,,,,,,,,,,,,,,,,,
23:10:21,,,,,,,,,,,,,,,,021.358,00.057,00.000,,,,,,,,,,,,,,,,,,,
23:11:21,021.373,00.050,00.000,,,,,,,,,,,,,,,,,,,,,,,,,,,,,,,,,,
23:12:21,,,,021.369,00.046,00.000,,,,,,,,,,,,,,,,,,,,,,,,,,,,,,,
23:13:21,,,,,,,015.719,05.261,00.000,,,,,,,,,,,,,,,,,,,,,,,,,,,,
23:14:21,,,,,,,,,,020.174,01.496,00.000,,,,,,,,,,,,,,,,,,,,,,,,,
23:15:21,021.367,00.055,00.000,,,,,,,,,,,,,,,,,,,,,,,,,,,,,,,,,,
23:16:21,,,,021.372,00.048,00.000,,,,,,,,,,,,,,,,,,,,,,,,,,,,,,,
23:17:21,,,,,,,015.705,05.311,00.000,,,,,,,,,,,,,,,,,,,,,,,,,,,,
23:18:21,,,,,,,,,,016.020,04.656,00.000,,,,,,,,,,,,,,,,,,,,,,,,,
23:19:21,,,,,,,,,,,,,,,,021.361,00.062,00.000,,,,,,,,,,,,,,,,,,,
23:20:21,021.383,00.051,00.000,,,,,,,,,,,,,,,,,,,,,,,,,,,,,,,,,,
23:21:21,,,,021.391,00.046,00.000,,,,,,,,,,,,,,,,,,,,,,,,,,,,,,,
23:22:21,,,,,,,015.508,05.273,00.000,,,,,,,,,,,,,,,,,,,,,,,,,,,,
23:23:21,,,,,,,,,,016.377,04.456,00.000,,,,,,,,,,,,,,,,,,,,,,,,,
23:24:21,021.349,00.064,00.000,,,,,,,,,,,,,,,,,,,,,,,,,,,,,,,,,,
23:25:21,,,,021.368,00.051,00.000,,,,,,,,,,,,,,,,,,,,,,,,,,,,,,,
23:26:21,,,,,,,015.217,05.674,00.000,,,,,,,,,,,,,,,,,,,,,,,,,,,,
23:27:21,,,,,,,,,,015.735,05.213,00.000,,,,,,,,,,,,,,,,,,,,,,,,,
23:28:21,,,,,,,,,,,,,,,,021.354,00.067,00.000,,,,,,,,,,,,,,,,,,,
23:29:21,021.366,00.052,00.000,,,,,,,,,,,,,,,,,,,,,,,,,,,,,,,,,,
23:30:21,,,,021.385,00.047,00.000,,,,,,,,,,,,,,,,,,,,,,,,,,,,,,,
23:31:21,,,,,,,014.674,06.248,00.000,,,,,,,,,,,,,,,,,,,,,,,,,,,,
23:32:21,,,,,,,,,,015.993,05.108,00.000,,,,,,,,,,,,,,,,,,,,,,,,,
23:33:21,021.364,00.068,00.000,,,,,,,,,,,,,,,,,,,,,,,,,,,,,,,,,,
23:34:21,,,,021.382,00.052,00.000,,,,,,,,,,,,,,,,,,,,,,,,,,,,,,,
23:35:21,,,,,,,014.417,06.404,00.000,,,,,,,,,,,,,,,,,,,,,,,,,,,,
23:36:21,,,,,,,,,,016.469,04.669,00.000,,,,,,,,,,,,,,,,,,,,,,,,,
23:37:21,,,,,,,,,,,,,,,,021.361,00.066,00.000,,,,,,,,,,,,,,,,,,,
23:38:21,021.379,00.053,00.000,,,,,,,,,,,,,,,,,,,,,,,,,,,,,,,,,,
23:39:21,,,,021.382,00.048,00.000,,,,,,,,,,,,,,,,,,,,,,,,,,,,,,,
23:40:20,,,,,,,014.264,06.914,00.000,,,,,,,,,,,,,,,,,,,,,,,,,,,,
23:41:21,,,,,,,,,,016.507,04.655,00.000,,,,,,,,,,,,,,,,,,,,,,,,,
23:42:21,021.364,00.069,00.000,,,,,,,,,,,,,,,,,,,,,,,,,,,,,,,,,,
23:43:21,,,,021.382,00.053,00.000,,,,,,,,,,,,,,,,,,,,,,,,,,,,,,,
23:44:21,,,,,,,014.358,06.674,00.000,,,,,,,,,,,,,,,,,,,,,,,,,,,,
23:45:21,,,,,,,,,,016.387,04.833,00.000,,,,,,,,,,,,,,,,,,,,,,,,,
23:46:21,,,,,,,,,,,,,,,,021.358,00.068,00.000,,,,,,,,,,,,,,,,,,,
23:47:21,021.372,00.054,00.000,,,,,,,,,,,,,,,,,,,,,,,,,,,,,,,,,,
23:48:21,,,,021.384,00.049,00.000,,,,,,,,,,,,,,,,,,,,,,,,,,,,,,,
23:49:21,,,,,,,014.223,06.545,00.000,,,,,,,,,,,,,,,,,,,,,,,,,,,,
23:50:20,,,,,,,,,,016.432,04.634,00.000,,,,,,,,,,,,,,,,,,,,,,,,,
23:51:21,021.341,00.068,00.000,,,,,,,,,,,,,,,,,,,,,,,,,,,,,,,,,,
23:52:21,,,,021.373,00.053,00.000,,,,,,,,,,,,,,,,,,,,,,,,,,,,,,,
23:53:21,,,,,,,014.134,06.911,00.000,,,,,,,,,,,,,,,,,,,,,,,,,,,,
23:54:21,,,,,,,,,,016.474,04.689,00.000,,,,,,,,,,,,,,,,,,,,,,,,,
23:55:21,,,,,,,,,,,,,,,,021.356,00.069,00.000,,,,,,,,,,,,,,,,,,,
23:56:21,021.371,00.054,00.000,,,,,,,,,,,,,,,,,,,,,,,,,,,,,,,,,,
23:57:21,,,,021.399,00.049,00.000,,,,,,,,,,,,,,,,,,,,,,,,,,,,,,,
23:58:21,,,,,,,014.136,06.925,00.000,,,,,,,,,,,,,,,,,,,,,,,,,,,,
23:59:21,,,,,,,,,,016.413,04.795,00.000,,,,,,,,,,,,,,,,,,,,,,,,,
00:00:21,021.367,00.070,00.000,,,,,,,,,,,,,,,,,,,,,,,,,,,,,,,,,,
00:01:21,,,,021.375,00.054,00.000,,,,,,,,,,,,,,,,,,,,,,,,,,,,,,,
00:02:21,,,,,,,014.033,06.720,00.000,,,,,,,,,,,,,,,,,,,,,,,,,,,,
00:03:21,,,,,,,,,,016.510,04.586,00.000,,,,,,,,,,,,,,,,,,,,,,,,,
00:04:20,,,,,,,,,,,,,,,,021.366,00.068,00.000,,,,,,,,,,,,,,,,,,,
00:05:21,021.373,00.054,00.000,,,,,,,,,,,,,,,,,,,,,,,,,,,,,,,,,,
00:06:21,,,,021.369,00.049,00.000,,,,,,,,,,,,,,,,,,,,,,,,,,,,,,,
00:07:21,,,,,,,014.119,06.936,00.000,,,,,,,,,,,,,,,,,,,,,,,,,,,,
00:08:21,,,,,,,,,,016.446,04.813,00.000,,,,,,,,,,,,,,,,,,,,,,,,,
00:09:21,021.360,00.069,00.000,,,,,,,,,,,,,,,,,,,,,,,,,,,,,,,,,,
00:10:21,,,,021.376,00.054,00.000,,,,,,,,,,,,,,,,,,,,,,,,,,,,,,,
00:11:21,,,,,,,014.196,06.822,00.000,,,,,,,,,,,,,,,,,,,,,,,,,,,,
00:12:21,,,,,,,,,,016.479,04.718,00.000,,,,,,,,,,,,,,,,,,,,,,,,,
00:13:20,,,,,,,,,,,,,,,,021.351,00.068,00.000,,,,,,,,,,,,,,,,,,,
00:14:21,021.371,00.053,00.000,,,,,,,,,,,,,,,,,,,,,,,,,,,,,,,,,,
00:15:21,,,,021.386,00.049,00.000,,,,,,,,,,,,,,,,,,,,,,,,,,,,,,,
00:16:21,,,,,,,016.564,04.984,00.000,,,,,,,,,,,,,,,,,,,,,,,,,,,,
00:17:21,,,,,,,,,,016.623,04.470,00.000,,,,,,,,,,,,,,,,,,,,,,,,,
00:18:21,021.358,00.066,00.000,,,,,,,,,,,,,,,,,,,,,,,,,,,,,,,,,,
00:19:21,,,,021.372,00.052,00.000,,,,,,,,,,,,,,,,,,,,,,,,,,,,,,,
00:20:21,,,,,,,020.197,01.681,00.000,,,,,,,,,,,,,,,,,,,,,,,,,,,,
00:21:21,,,,,,,,,,014.206,06.172,00.000,,,,,,,,,,,,,,,,,,,,,,,,,
00:22:21,,,,,,,,,,,,,,,,021.361,00.065,00.000,,,,,,,,,,,,,,,,,,,
00:23:21,021.376,00.052,00.000,,,,,,,,,,,,,,,,,,,,,,,,,,,,,,,,,,
00:24:21,,,,021.392,00.048,00.000,,,,,,,,,,,,,,,,,,,,,,,,,,,,,,,
00:25:21,,,,,,,019.367,01.772,00.000,,,,,,,,,,,,,,,,,,,,,,,,,,,,
00:26:21,,,,,,,,,,015.168,05.720,00.000,,,,,,,,,,,,,,,,,,,,,,,,,
00:27:21,021.363,00.065,00.000,,,,,,,,,,,,,,,,,,,,,,,,,,,,,,,,,,
00:28:21,,,,021.378,00.051,00.000,,,,,,,,,,,,,,,,,,,,,,,,,,,,,,,
00:29:21,,,,,,,018.746,02.120,00.000,,,,,,,,,,,,,,,,,,,,,,,,,,,,
00:30:21,,,,,,,,,,017.140,04.530,00.000,,,,,,,,,,,,,,,,,,,,,,,,,
00:31:21,,,,,,,,,,,,,,,,021.368,00.060,00.000,,,,,,,,,,,,,,,,,,,
00:32:21,021.383,00.049,00.000,,,,,,,,,,,,,,,,,,,,,,,,,,,,,,,,,,
00:33:20,,,,021.385,00.045,00.000,,,,,,,,,,,,,,,,,,,,,,,,,,,,,,,
00:34:21,,,,,,,017.725,02.850,00.000,,,,,,,,,,,,,,,,,,,,,,,,,,,,
00:35:21,,,,,,,,,,018.074,03.836,00.000,,,,,,,,,,,,,,,,,,,,,,,,,
00:36:20,021.386,00.059,00.000,,,,,,,,,,,,,,,,,,,,,,,,,,,,,,,,,,
00:37:21,,,,021.374,00.048,00.000,,,,,,,,,,,,,,,,,,,,,,,,,,,,,,,
00:38:21,,,,,,,016.907,03.616,00.000,,,,,,,,,,,,,,,,,,,,,,,,,,,,
00:39:20,,,,,,,,,,018.376,03.387,00.000,,,,,,,,,,,,,,,,,,,,,,,,,
00:40:21,,,,,,,,,,,,,,,,021.370,00.055,00.000,,,,,,,,,,,,,,,,,,,
00:41:21,021.384,00.047,00.000,,,,,,,,,,,,,,,,,,,,,,,,,,,,,,,,,,
00:42:21,,,,021.384,00.043,00.000,,,,,,,,,,,,,,,,,,,,,,,,,,,,,,,
00:43:21,,,,,,,016.613,04.118,00.000,,,,,,,,,,,,,,,,,,,,,,,,,,,,
00:44:21,,,,,,,,,,018.713,02.948,00.000,,,,,,,,,,,,,,,,,,,,,,,,,
00:45:20,021.368,00.057,00.000,,,,,,,,,,,,,,,,,,,,,,,,,,,,,,,,,,
00:46:21,,,,021.373,00.047,00.000,,,,,,,,,,,,,,,,,,,,,,,,,,,,,,,
00:47:21,,,,,,,016.877,04.117,00.000,,,,,,,,,,,,,,,,,,,,,,,,,,,,
00:48:21,,,,,,,,,,018.856,02.734,00.000,,,,,,,,,,,,,,,,,,,,,,,,,
00:49:21,,,,,,,,,,,,,,,,021.368,00.054,00.000,,,,,,,,,,,,,,,,,,,
00:50:21,021.388,00.047,00.000,,,,,,,,,,,,,,,,,,,,,,,,,,,,,,,,,,
00:51:21,,,,021.389,00.044,00.000,,,,,,,,,,,,,,,,,,,,,,,,,,,,,,,
00:52:21,,,,,,,017.078,04.034,00.000,,,,,,,,,,,,,,,,,,,,,,,,,,,,
00:53:21,,,,,,,,,,019.042,02.494,00.000,,,,,,,,,,,,,,,,,,,,,,,,,
00:54:21,021.367,00.054,00.000,,,,,,,,,,,,,,,,,,,,,,,,,,,,,,,,,,
00:55:21,,,,021.382,00.046,00.000,,,,,,,,,,,,,,,,,,,,,,,,,,,,,,,
00:56:21,,,,,,,017.072,04.066,00.000,,,,,,,,,,,,,,,,,,,,,,,,,,,,
00:57:20,,,,,,,,,,019.142,02.373,00.000,,,,,,,,,,,,,,,,,,,,,,,,,
00:58:21,,,,,,,,,,,,,,,,021.370,00.052,00.000,,,,,,,,,,,,,,,,,,,
00:59:21,021.393,00.046,00.000,,,,,,,,,,,,,,,,,,,,,,,,,,,,,,,,,,
01:00:21,,,,021.402,00.043,00.000,,,,,,,,,,,,,,,,,,,,,,,,,,,,,,,
01:01:21,,,,,,,017.160,04.004,00.000,,,,,,,,,,,,,,,,,,,,,,,,,,,,
01:02:20,,,,,,,,,,019.217,02.247,00.000,,,,,,,,,,,,,,,,,,,,,,,,,
01:03:21,021.362,00.053,00.000,,,,,,,,,,,,,,,,,,,,,,,,,,,,,,,,,,
01:04:21,,,,021.393,00.045,00.000,,,,,,,,,,,,,,,,,,,,,,,,,,,,,,,
01:05:21,,,,,,,017.298,03.892,00.000,,,,,,,,,,,,,,,,,,,,,,,,,,,,
01:06:21,,,,,,,,,,019.283,02.158,00.000,,,,,,,,,,,,,,,,,,,,,,,,,
01:07:21,,,,,,,,,,,,,,,,021.374,00.051,00.000,,,,,,,,,,,,,,,,,,,
01:08:21,021.393,00.045,00.000,,,,,,,,,,,,,,,,,,,,,,,,,,,,,,,,,,
01:09:21,,,,021.395,00.043,00.000,,,,,,,,,,,,,,,,,,,,,,,,,,,,,,,
01:10:20,,,,,,,017.351,03.838,00.000,,,,,,,,,,,,,,,,,,,,,,,,,,,,
01:11:21,,,,,,,,,,019.357,02.073,00.000,,,,,,,,,,,,,,,,,,,,,,,,,
01:12:21,021.383,00.052,00.000,,,,,,,,,,,,,,,,,,,,,,,,,,,,,,,,,,
01:13:21,,,,021.385,00.045,00.000,,,,,,,,,,,,,,,,,,,,,,,,,,,,,,,
01:14:21,,,,,,,017.407,03.800,00.000,,,,,,,,,,,,,,,,,,,,,,,,,,,,
01:15:21,,,,,,,,,,019.555,01.911,00.000,,,,,,,,,,,,,,,,,,,,,,,,,
01:16:21,,,,,,,,,,,,,,,,021.381,00.050,00.000,,,,,,,,,,,,,,,,,,,
01:17:20,021.381,00.045,00.000,,,,,,,,,,,,,,,,,,,,,,,,,,,,,,,,,,
01:18:21,,,,021.371,00.042,00.000,,,,,,,,,,,,,,,,,,,,,,,,,,,,,,,
01:19:20,,,,,,,017.643,03.602,00.000,,,,,,,,,,,,,,,,,,,,,,,,,,,,
01:20:21,,,,,,,,,,019.830,01.721,00.000,,,,,,,,,,,,,,,,,,,,,,,,,
01:21:21,021.364,00.051,00.000,,,,,,,,,,,,,,,,,,,,,,,,,,,,,,,,,,
01:22:21,,,,021.395,00.044,00.000,,,,,,,,,,,,,,,,,,,,,,,,,,,,,,,
01:23:21,,,,,,,017.769,03.483,00.000,,,,,,,,,,,,,,,,,,,,,,,,,,,,
01:24:21,,,,,,,,,,019.980,01.562,00.000,,,,,,,,,,,,,,,,,,,,,,,,,
01:25:21,,,,,,,,,,,,,,,,021.373,00.047,00.000,,,,,,,,,,,,,,,,,,,
01:26:21,021.378,00.043,00.000,,,,,,,,,,,,,,,,,,,,,,,,,,,,,,,,,,
01:27:20,,,,021.376,00.040,00.000,,,,,,,,,,,,,,,,,,,,,,,,,,,,,,,
01:28:21,,,,,,,017.889,03.321,00.000,,,,,,,,,,,,,,,,,,,,,,,,,,,,
01:29:21,,,,,,,,,,020.232,01.341,00.000,,,,,,,,,,,,,,,,,,,,,,,,,
01:30:20,021.377,00.047,00.000,,,,,,,,,,,,,,,,,,,,,,,,,,,,,,,,,,
01:31:21,,,,021.376,00.041,00.000,,,,,,,,,,,,,,,,,,,,,,,,,,,,,,,
01:32:21,,,,,,,017.999,03.172,00.000,,,,,,,,,,,,,,,,,,,,,,,,,,,,
01:33:21,,,,,,,,,,020.446,01.143,00.000,,,,,,,,,,,,,,,,,,,,,,,,,
01:34:21,,,,,,,,,,,,,,,,021.368,00.043,00.000,,,,,,,,,,,,,,,,,,,
01:35:21,021.386,00.040,00.000,,,,,,,,,,,,,,,,,,,,,,,,,,,,,,,,,,
01:36:21,,,,021.373,00.039,00.000,,,,,,,,,,,,,,,,,,,,,,,,,,,,,,,
01:37:21,,,,,,,018.174,03.034,00.000,,,,,,,,,,,,,,,,,,,,,,,,,,,,
01:38:21,,,,,,,,,,020.670,00.911,00.000,,,,,,,,,,,,,,,,,,,,,,,,,
01:39:20,021.370,00.044,00.000,,,,,,,,,,,,,,,,,,,,,,,,,,,,,,,,,,
01:40:21,,,,021.382,00.040,00.000,,,,,,,,,,,,,,,,,,,,,,,,,,,,,,,
01:41:21,,,,,,,018.262,02.933,00.000,,,,,,,,,,,,,,,,,,,,,,,,,,,,
01:42:21,,,,,,,,,,020.796,00.756,00.000,,,,,,,,,,,,,,,,,,,,,,,,,
01:43:21,,,,,,,,,,,,,,,,021.380,00.041,00.000,,,,,,,,,,,,,,,,,,,
01:44:21,021.381,00.039,00.000,,,,,,,,,,,,,,,,,,,,,,,,,,,,,,,,,,
01:45:21,,,,021.377,00.037,00.000,,,,,,,,,,,,,,,,,,,,,,,,,,,,,,,
01:46:21,,,,,,,018.285,02.798,00.000,,,,,,,,,,,,,,,,,,,,,,,,,,,,
01:47:21,,,,,,,,,,020.903,00.606,00.000,,,,,,,,,,,,,,,,,,,,,,,,,
01:48:21,021.379,00.042,00.000,,,,,,,,,,,,,,,,,,,,,,,,,,,,,,,,,,
01:49:21,,,,021.388,00.039,00.000,,,,,,,,,,,,,,,,,,,,,,,,,,,,,,,
01:50:20,,,,,,,018.308,02.792,00.000,,,,,,,,,,,,,,,,,,,,,,,,,,,,
01:51:21,,,,,,,,,,020.962,00.548,00.000,,,,,,,,,,,,,,,,,,,,,,,,,
01:52:20,,,,,,,,,,,,,,,,021.373,00.041,00.000,,,,,,,,,,,,,,,,,,,
01:53:21,021.392,00.039,00.000,,,,,,,,,,,,,,,,,,,,,,,,,,,,,,,,,,
01:54:21,,,,021.378,00.037,00.000,,,,,,,,,,,,,,,,,,,,,,,,,,,,,,,
01:55:21,,,,,,,018.328,02.707,00.000,,,,,,,,,,,,,,,,,,,,,,,,,,,,
01:56:21,,,,,,,,,,020.995,00.452,00.000,,,,,,,,,,,,,,,,,,,,,,,,,
01:57:21,021.368,00.040,00.000,,,,,,,,,,,,,,,,,,,,,,,,,,,,,,,,,,
01:58:21,,,,021.373,00.037,00.000,,,,,,,,,,,,,,,,,,,,,,,,,,,,,,,
01:59:21,,,,,,,018.313,02.748,00.000,,,,,,,,,,,,,,,,,,,,,,,,,,,,
02:00:21,,,,,,,,,,021.015,00.407,00.000,,,,,,,,,,,,,,,,,,,,,,,,,
02:01:20,,,,,,,,,,,,,,,,021.365,00.038,00.000,,,,,,,,,,,,,,,,,,,
02:02:21,021.357,00.037,00.000,,,,,,,,,,,,,,,,,,,,,,,,,,,,,,,,,,
02:03:21,,,,021.366,00.036,00.000,,,,,,,,,,,,,,,,,,,,,,,,,,,,,,,
02:04:21,,,,,,,018.272,02.785,00.000,,,,,,,,,,,,,,,,,,,,,,,,,,,,
02:05:21,,,,,,,,,,021.053,00.376,00.000,,,,,,,,,,,,,,,,,,,,,,,,,
02:06:21,021.370,00.041,00.000,,,,,,,,,,,,,,,,,,,,,,,,,,,,,,,,,,
02:07:21,,,,021.380,00.038,00.000,,,,,,,,,,,,,,,,,,,,,,,,,,,,,,,
02:08:21,,,,,,,018.265,02.849,00.000,,,,,,,,,,,,,,,,,,,,,,,,,,,,
02:09:20,,,,,,,,,,021.071,00.354,00.000,,,,,,,,,,,,,,,,,,,,,,,,,
02:10:21,,,,,,,,,,,,,,,,021.369,00.040,00.000,,,,,,,,,,,,,,,,,,,
02:11:21,021.375,00.039,00.000,,,,,,,,,,,,,,,,,,,,,,,,,,,,,,,,,,
02:12:20,,,,021.369,00.038,00.000,,,,,,,,,,,,,,,,,,,,,,,,,,,,,,,
02:13:21,,,,,,,018.266,02.874,00.000,,,,,,,,,,,,,,,,,,,,,,,,,,,,
02:14:20,,,,,,,,,,021.088,00.324,00.000,,,,,,,,,,,,,,,,,,,,,,,,,
02:15:21,021.371,00.041,00.000,,,,,,,,,,,,,,,,,,,,,,,,,,,,,,,,,,
02:16:21,,,,021.374,00.038,00.000,,,,,,,,,,,,,,,,,,,,,,,,,,,,,,,
02:17:20,,,,,,,018.270,02.855,00.000,,,,,,,,,,,,,,,,,,,,,,,,,,,,
02:18:21,,,,,,,,,,021.109,00.308,00.000,,,,,,,,,,,,,,,,,,,,,,,,,
02:19:20,,,,,,,,,,,,,,,,021.368,00.040,00.000,,,,,,,,,,,,,,,,,,,
02:20:21,021.381,00.039,00.000,,,,,,,,,,,,,,,,,,,,,,,,,,,,,,,,,,
02:21:21,,,,021.362,00.037,00.000,,,,,,,,,,,,,,,,,,,,,,,,,,,,,,,
02:22:21,,,,,,,018.291,02.820,00.000,,,,,,,,,,,,,,,,,,,,,,,,,,,,
02:23:21,,,,,,,,,,021.121,00.294,00.000,,,,,,,,,,,,,,,,,,,,,,,,,
02:24:21,021.369,00.041,00.000,,,,,,,,,,,,,,,,,,,,,,,,,,,,,,,,,,
02:25:21,,,,021.376,00.038,00.000,,,,,,,,,,,,,,,,,,,,,,,,,,,,,,,
02:26:21,,,,,,,018.311,02.819,00.000,,,,,,,,,,,,,,,,,,,,,,,,,,,,
02:27:21,,,,,,,,,,021.104,00.281,00.000,,,,,,,,,,,,,,,,,,,,,,,,,
02:28:21,,,,,,,,,,,,,,,,021.389,00.039,00.000,,,,,,,,,,,,,,,,,,,
02:29:21,021.384,00.039,00.000,,,,,,,,,,,,,,,,,,,,,,,,,,,,,,,,,,
02:30:21,,,,021.382,00.036,00.000,,,,,,,,,,,,,,,,,,,,,,,,,,,,,,,
02:31:21,,,,,,,018.354,02.792,00.000,,,,,,,,,,,,,,,,,,,,,,,,,,,,
02:32:21,,,,,,,,,,021.141,00.268,00.000,,,,,,,,,,,,,,,,,,,,,,,,,
02:33:20,021.368,00.041,00.000,,,,,,,,,,,,,,,,,,,,,,,,,,,,,,,,,,
02:34:21,,,,021.365,00.038,00.000,,,,,,,,,,,,,,,,,,,,,,,,,,,,,,,
02:35:21,,,,,,,018.353,02.791,00.000,,,,,,,,,,,,,,,,,,,,,,,,,,,,
02:36:21,,,,,,,,,,021.139,00.263,00.000,,,,,,,,,,,,,,,,,,,,,,,,,
02:37:21,,,,,,,,,,,,,,,,021.375,00.040,00.000,,,,,,,,,,,,,,,,,,,
02:38:21,021.381,00.039,00.000,,,,,,,,,,,,,,,,,,,,,,,,,,,,,,,,,,
02:39:21,,,,021.371,00.038,00.000,,,,,,,,,,,,,,,,,,,,,,,,,,,,,,,
02:40:21,,,,,,,018.314,02.833,00.000,,,,,,,,,,,,,,,,,,,,,,,,,,,,
02:41:20,,,,,,,,,,020.349,00.642,00.000,,,,,,,,,,,,,,,,,,,,,,,,,
02:42:21,021.370,00.042,00.000,,,,,,,,,,,,,,,,,,,,,,,,,,,,,,,,,,
02:43:21,,,,021.387,00.039,00.000,,,,,,,,,,,,,,,,,,,,,,,,,,,,,,,
02:44:21,,,,,,,018.294,02.863,00.000,,,,,,,,,,,,,,,,,,,,,,,,,,,,
02:45:21,,,,,,,,,,020.302,00.783,00.000,,,,,,,,,,,,,,,,,,,,,,,,,
02:46:21,,,,,,,,,,,,,,,,021.369,00.041,00.000,,,,,,,,,,,,,,,,,,,
02:47:21,021.391,00.040,00.000,,,,,,,,,,,,,,,,,,,,,,,,,,,,,,,,,,
02:48:21,,,,021.379,00.037,00.000,,,,,,,,,,,,,,,,,,,,,,,,,,,,,,,
02:49:21,,,,,,,018.322,02.805,00.000,,,,,,,,,,,,,,,,,,,,,,,,,,,,
02:50:21,,,,,,,,,,019.959,01.030,00.000,,,,,,,,,,,,,,,,,,,,,,,,,
02:51:21,021.386,00.043,00.000,,,,,,,,,,,,,,,,,,,,,,,,,,,,,,,,,,
02:52:21,,,,021.383,00.040,00.000,,,,,,,,,,,,,,,,,,,,,,,,,,,,,,,
02:53:20,,,,,,,018.377,02.787,00.000,,,,,,,,,,,,,,,,,,,,,,,,,,,,
02:54:21,,,,,,,,,,019.690,01.253,00.000,,,,,,,,,,,,,,,,,,,,,,,,,
02:55:21,,,,,,,,,,,,,,,,021.372,00.042,00.000,,,,,,,,,,,,,,,,,,,
02:56:20,021.377,00.039,00.000,,,,,,,,,,,,,,,,,,,,,,,,,,,,,,,,,,
02:57:21,,,,021.389,00.036,00.000,,,,,,,,,,,,,,,,,,,,,,,,,,,,,,,
02:58:21,,,,,,,018.440,02.601,00.000,,,,,,,,,,,,,,,,,,,,,,,,,,,,
02:59:21,,,,,,,,,,019.353,01.496,00.000,,,,,,,,,,,,,,,,,,,,,,,,,
03:00:21,021.379,00.044,00.000,,,,,,,,,,,,,,,,,,,,,,,,,,,,,,,,,,
03:01:20,,,,021.375,00.039,00.000,,,,,,,,,,,,,,,,,,,,,,,,,,,,,,,
03:02:21,,,,,,,018.473,02.692,00.000,,,,,,,,,,,,,,,,,,,,,,,,,,,,
03:03:21,,,,,,,,,,019.157,01.776,00.000,,,,,,,,,,,,,,,,,,,,,,,,,
03:04:21,,,,,,,,,,,,,,,,021.376,00.044,00.000,,,,,,,,,,,,,,,,,,,
03:05:21,021.370,00.040,00.000,,,,,,,,,,,,,,,,,,,,,,,,,,,,,,,,,,
03:06:21,,,,021.382,00.039,00.000,,,,,,,,,,,,,,,,,,,,,,,,,,,,,,,
03:07:21,,,,,,,018.466,02.683,00.000,,,,,,,,,,,,,,,,,,,,,,,,,,,,
03:08:21,,,,,,,,,,019.027,02.029,00.000,,,,,,,,,,,,,,,,,,,,,,,,,
03:09:21,021.363,00.047,00.000,,,,,,,,,,,,,,,,,,,,,,,,,,,,,,,,,,
03:10:21,,,,021.383,00.040,00.000,,,,,,,,,,,,,,,,,,,,,,,,,,,,,,,
03:11:20,,,,,,,018.389,02.693,00.000,,,,,,,,,,,,,,,,,,,,,,,,,,,,
03:12:21,,,,,,,,,,019.089,02.024,00.000,,,,,,,,,,,,,,,,,,,,,,,,,
03:13:20,,,,,,,,,,,,,,,,021.379,00.044,00.000,,,,,,,,,,,,,,,,,,,
03:14:21,021.386,00.039,00.000,,,,,,,,,,,,,,,,,,,,,,,,,,,,,,,,,,
03:15:21,,,,021.384,00.037,00.000,,,,,,,,,,,,,,,,,,,,,,,,,,,,,,,
03:16:21,,,,,,,018.312,02.699,00.000,,,,,,,,,,,,,,,,,,,,,,,,,,,,
03:17:21,,,,,,,,,,019.027,02.128,00.000,,,,,,,,,,,,,,,,,,,,,,,,,
03:18:20,021.368,00.046,00.000,,,,,,,,,,,,,,,,,,,,,,,,,,,,,,,,,,
03:19:21,,,,021.370,00.039,00.000,,,,,,,,,,,,,,,,,,,,,,,,,,,,,,,
03:20:21,,,,,,,018.366,02.653,00.000,,,,,,,,,,,,,,,,,,,,,,,,,,,,
03:21:21,,,,,,,,,,019.020,02.132,00.000,,,,,,,,,,,,,,,,,,,,,,,,,
03:22:21,,,,,,,,,,,,,,,,021.353,00.044,00.000,,,,,,,,,,,,,,,,,,,
03:23:21,021.377,00.040,00.000,,,,,,,,,,,,,,,,,,,,,,,,,,,,,,,,,,
03:24:21,,,,021.375,00.038,00.000,,,,,,,,,,,,,,,,,,,,,,,,,,,,,,,
03:25:21,,,,,,,018.479,02.648,00.000,,,,,,,,,,,,,,,,,,,,,,,,,,,,
03:26:21,,,,,,,,,,019.146,02.105,00.000,,,,,,,,,,,,,,,,,,,,,,,,,
03:27:21,021.352,00.046,00.000,,,,,,,,,,,,,,,,,,,,,,,,,,,,,,,,,,
03:28:20,,,,021.379,00.039,00.000,,,,,,,,,,,,,,,,,,,,,,,,,,,,,,,
03:29:21,,,,,,,018.535,02.644,00.000,,,,,,,,,,,,,,,,,,,,,,,,,,,,
03:30:21,,,,,,,,,,019.200,02.090,00.000,,,,,,,,,,,,,,,,,,,,,,,,,
03:31:21,,,,,,,,,,,,,,,,021.364,00.045,00.000,,,,,,,,,,,,,,,,,,,
03:32:20,021.369,00.042,00.000,,,,,,,,,,,,,,,,,,,,,,,,,,,,,,,,,,
03:33:21,,,,021.385,00.039,00.000,,,,,,,,,,,,,,,,,,,,,,,,,,,,,,,
03:34:21,,,,,,,018.550,02.625,00.000,,,,,,,,,,,,,,,,,,,,,,,,,,,,
03:35:21,,,,,,,,,,019.209,02.084,00.000,,,,,,,,,,,,,,,,,,,,,,,,,
03:36:21,021.376,00.047,00.000,,,,,,,,,,,,,,,,,,,,,,,,,,,,,,,,,,
03:37:21,,,,021.369,00.041,00.000,,,,,,,,,,,,,,,,,,,,,,,,,,,,,,,
03:38:21,,,,,,,018.537,02.626,00.000,,,,,,,,,,,,,,,,,,,,,,,,,,,,
03:39:21,,,,,,,,,,019.239,02.054,00.000,,,,,,,,,,,,,,,,,,,,,,,,,
03:40:20,,,,,,,,,,,,,,,,021.369,00.044,00.000,,,,,,,,,,,,,,,,,,,
03:41:21,021.381,00.041,00.000,,,,,,,,,,,,,,,,,,,,,,,,,,,,,,,,,,
03:42:21,,,,021.376,00.038,00.000,,,,,,,,,,,,,,,,,,,,,,,,,,,,,,,
03:43:21,,,,,,,018.519,02.531,00.000,,,,,,,,,,,,,,,,,,,,,,,,,,,,
03:44:21,,,,,,,,,,019.241,02.026,00.000,,,,,,,,,,,,,,,,,,,,,,,,,
03:45:21,021.364,00.046,00.000,,,,,,,,,,,,,,,,,,,,,,,,,,,,,,,,,,
03:46:20,,,,021.379,00.041,00.000,,,,,,,,,,,,,,,,,,,,,,,,,,,,,,,
03:47:21,,,,,,,018.508,02.621,00.000,,,,,,,,,,,,,,,,,,,,,,,,,,,,
03:48:21,,,,,,,,,,019.244,02.023,00.000,,,,,,,,,,,,,,,,,,,,,,,,,
03:49:21,,,,,,,,,,,,,,,,021.355,00.045,00.000,,,,,,,,,,,,,,,,,,,
03:50:21,021.380,00.040,00.000,,,,,,,,,,,,,,,,,,,,,,,,,,,,,,,,,,
03:51:20,,,,021.398,00.039,00.000,,,,,,,,,,,,,,,,,,,,,,,,,,,,,,,
03:52:21,,,,,,,018.517,02.629,00.000,,,,,,,,,,,,,,,,,,,,,,,,,,,,
03:53:21,,,,,,,,,,019.294,02.004,00.000,,,,,,,,,,,,,,,,,,,,,,,,,
03:54:21,021.372,00.048,00.000,,,,,,,,,,,,,,,,,,,,,,,,,,,,,,,,,,
03:55:21,,,,021.381,00.041,00.000,,,,,,,,,,,,,,,,,,,,,,,,,,,,,,,
03:56:20,,,,,,,018.524,02.623,00.000,,,,,,,,,,,,,,,,,,,,,,,,,,,,
03:57:21,,,,,,,,,,019.474,01.872,00.000,,,,,,,,,,,,,,,,,,,,,,,,,
03:58:21,,,,,,,,,,,,,,,,021.368,00.046,00.000,,,,,,,,,,,,,,,,,,,
03:59:21,021.378,00.041,00.000,,,,,,,,,,,,,,,,,,,,,,,,,,,,,,,,,,
04:00:21,,,,021.400,00.039,00.000,,,,,,,,,,,,,,,,,,,,,,,,,,,,,,,
04:01:21,,,,,,,018.511,02.662,00.000,,,,,,,,,,,,,,,,,,,,,,,,,,,,
04:02:21,,,,,,,,,,019.770,01.707,00.000,,,,,,,,,,,,,,,,,,,,,,,,,
04:03:21,021.367,00.046,00.000,,,,,,,,,,,,,,,,,,,,,,,,,,,,,,,,,,
04:04:21,,,,021.392,00.041,00.000,,,,,,,,,,,,,,,,,,,,,,,,,,,,,,,
04:05:21,,,,,,,018.518,02.647,00.000,,,,,,,,,,,,,,,,,,,,,,,,,,,,
04:06:21,,,,,,,,,,019.688,01.667,00.000,,,,,,,,,,,,,,,,,,,,,,,,,
04:07:21,,,,,,,,,,,,,,,,021.377,00.045,00.000,,,,,,,,,,,,,,,,,,,
04:08:21,021.379,00.040,00.000,,,,,,,,,,,,,,,,,,,,,,,,,,,,,,,,,,
04:09:20,,,,021.384,00.038,00.000,,,,,,,,,,,,,,,,,,,,,,,,,,,,,,,
04:10:21,,,,,,,018.524,02.592,00.000,,,,,,,,,,,,,,,,,,,,,,,,,,,,
04:11:21,,,,,,,,,,019.803,01.526,00.000,,,,,,,,,,,,,,,,,,,,,,,,,
04:12:21,021.369,00.044,00.000,,,,,,,,,,,,,,,,,,,,,,,,,,,,,,,,,,
04:13:21,,,,021.391,00.039,00.000,,,,,,,,,,,,,,,,,,,,,,,,,,,,,,,
04:14:21,,,,,,,018.476,02.613,00.000,,,,,,,,,,,,,,,,,,,,,,,,,,,,
04:15:20,,,,,,,,,,020.019,01.382,00.000,,,,,,,,,,,,,,,,,,,,,,,,,
04:16:21,,,,,,,,,,,,,,,,021.376,00.043,00.000,,,,,,,,,,,,,,,,,,,
04:17:20,021.385,00.038,00.000,,,,,,,,,,,,,,,,,,,,,,,,,,,,,,,,,,
04:18:21,,,,021.392,00.037,00.000,,,,,,,,,,,,,,,,,,,,,,,,,,,,,,,
04:19:21,,,,,,,018.406,02.651,00.000,,,,,,,,,,,,,,,,,,,,,,,,,,,,
04:20:21,,,,,,,,,,020.188,01.237,00.000,,,,,,,,,,,,,,,,,,,,,,,,,
04:21:21,021.385,00.042,00.000,,,,,,,,,,,,,,,,,,,,,,,,,,,,,,,,,,
04:22:20,,,,021.386,00.039,00.000,,,,,,,,,,,,,,,,,,,,,,,,,,,,,,,
04:23:21,,,,,,,018.352,02.702,00.000,,,,,,,,,,,,,,,,,,,,,,,,,,,,
04:24:21,,,,,,,,,,020.330,01.124,00.000,,,,,,,,,,,,,,,,,,,,,,,,,
04:25:20,,,,,,,,,,,,,,,,021.369,00.042,00.000,,,,,,,,,,,,,,,,,,,
04:26:21,021.380,00.039,00.000,,,,,,,,,,,,,,,,,,,,,,,,,,,,,,,,,,
04:27:21,,,,021.388,00.037,00.000,,,,,,,,,,,,,,,,,,,,,,,,,,,,,,,
04:28:21,,,,,,,018.275,02.759,00.000,,,,,,,,,,,,,,,,,,,,,,,,,,,,
04:29:21,,,,,,,,,,020.524,00.936,00.000,,,,,,,,,,,,,,,,,,,,,,,,,
04:30:21,021.383,00.041,00.000,,,,,,,,,,,,,,,,,,,,,,,,,,,,,,,,,,
04:31:21,,,,021.373,00.038,00.000,,,,,,,,,,,,,,,,,,,,,,,,,,,,,,,
04:32:21,,,,,,,018.358,02.764,00.000,,,,,,,,,,,,,,,,,,,,,,,,,,,,
04:33:21,,,,,,,,,,020.690,00.787,00.000,,,,,,,,,,,,,,,,,,,,,,,,,
04:34:21,,,,,,,,,,,,,,,,021.371,00.040,00.000,,,,,,,,,,,,,,,,,,,
04:35:20,021.374,00.037,00.000,,,,,,,,,,,,,,,,,,,,,,,,,,,,,,,,,,
04:36:20,,,,021.379,00.036,00.000,,,,,,,,,,,,,,,,,,,,,,,,,,,,,,,
04:37:21,,,,,,,018.480,02.692,00.000,,,,,,,,,,,,,,,,,,,,,,,,,,,,
04:38:20,,,,,,,,,,020.850,00.648,00.000,,,,,,,,,,,,,,,,,,,,,,,,,
04:39:21,021.372,00.040,00.000,,,,,,,,,,,,,,,,,,,,,,,,,,,,,,,,,,
04:40:21,,,,021.395,00.037,00.000,,,,,,,,,,,,,,,,,,,,,,,,,,,,,,,
04:41:21,,,,,,,018.499,02.649,00.000,,,,,,,,,,,,,,,,,,,,,,,,,,,,
04:42:21,,,,,,,,,,020.915,00.553,00.000,,,,,,,,,,,,,,,,,,,,,,,,,
04:43:20,,,,,,,,,,,,,,,,021.386,00.040,00.000,,,,,,,,,,,,,,,,,,,
04:44:21,021.381,00.037,00.000,,,,,,,,,,,,,,,,,,,,,,,,,,,,,,,,,,
04:45:21,,,,021.389,00.035,00.000,,,,,,,,,,,,,,,,,,,,,,,,,,,,,,,
04:46:21,,,,,,,018.412,02.651,00.000,,,,,,,,,,,,,,,,,,,,,,,,,,,,
04:47:21,,,,,,,,,,020.986,00.462,00.000,,,,,,,,,,,,,,,,,,,,,,,,,
04:48:21,021.392,00.040,00.000,,,,,,,,,,,,,,,,,,,,,,,,,,,,,,,,,,
04:49:21,,,,021.390,00.037,00.000,,,,,,,,,,,,,,,,,,,,,,,,,,,,,,,
04:50:21,,,,,,,018.323,02.717,00.000,,,,,,,,,,,,,,,,,,,,,,,,,,,,
04:51:21,,,,,,,,,,021.012,00.408,00.000,,,,,,,,,,,,,,,,,,,,,,,,,
04:52:21,,,,,,,,,,,,,,,,021.376,00.037,00.000,,,,,,,,,,,,,,,,,,,
04:53:20,021.387,00.037,00.000,,,,,,,,,,,,,,,,,,,,,,,,,,,,,,,,,,
04:54:21,,,,021.376,00.035,00.000,,,,,,,,,,,,,,,,,,,,,,,,,,,,,,,
04:55:21,,,,,,,018.440,02.683,00.000,,,,,,,,,,,,,,,,,,,,,,,,,,,,
04:56:20,,,,,,,,,,021.042,00.352,00.000,,,,,,,,,,,,,,,,,,,,,,,,,
04:57:21,021.369,00.039,00.000,,,,,,,,,,,,,,,,,,,,,,,,,,,,,,,,,,
04:58:21,,,,021.385,00.036,00.000,,,,,,,,,,,,,,,,,,,,,,,,,,,,,,,
04:59:20,,,,,,,018.557,02.599,00.000,,,,,,,,,,,,,,,,,,,,,,,,,,,,
05:00:21,,,,,,,,,,021.058,00.323,00.000,,,,,,,,,,,,,,,,,,,,,,,,,
05:01:21,,,,,,,,,,,,,,,,021.380,00.033,00.000,,,,,,,,,,,,,,,,,,,
05:02:21,021.375,00.036,00.000,,,,,,,,,,,,,,,,,,,,,,,,,,,,,,,,,,
05:03:21,,,,021.369,00.034,00.000,,,,,,,,,,,,,,,,,,,,,,,,,,,,,,,
05:04:20,,,,,,,018.619,02.502,00.000,,,,,,,,,,,,,,,,,,,,,,,,,,,,
05:05:21,,,,,,,,,,021.091,00.291,00.000,,,,,,,,,,,,,,,,,,,,,,,,,
05:06:21,021.369,00.037,00.000,,,,,,,,,,,,,,,,,,,,,,,,,,,,,,,,,,
05:07:20,,,,021.372,00.035,00.000,,,,,,,,,,,,,,,,,,,,,,,,,,,,,,,
05:08:21,,,,,,,018.623,02.441,00.000,,,,,,,,,,,,,,,,,,,,,,,,,,,,
05:09:20,,,,,,,,,,021.090,00.272,00.000,,,,,,,,,,,,,,,,,,,,,,,,,
05:10:21,,,,,,,,,,,,,,,,021.364,00.034,00.000,,,,,,,,,,,,,,,,,,,
05:11:21,021.366,00.035,00.000,,,,,,,,,,,,,,,,,,,,,,,,,,,,,,,,,,
05:12:21,,,,021.382,00.034,00.000,,,,,,,,,,,,,,,,,,,,,,,,,,,,,,,
05:13:21,,,,,,,018.492,02.505,00.000,,,,,,,,,,,,,,,,,,,,,,,,,,,,
05:14:20,,,,,,,,,,021.110,00.259,00.000,,,,,,,,,,,,,,,,,,,,,,,,,
05:15:21,021.375,00.038,00.000,,,,,,,,,,,,,,,,,,,,,,,,,,,,,,,,,,
05:16:21,,,,021.391,00.035,00.000,,,,,,,,,,,,,,,,,,,,,,,,,,,,,,,
05:17:21,,,,,,,018.308,02.662,00.000,,,,,,,,,,,,,,,,,,,,,,,,,,,,
05:18:21,,,,,,,,,,021.129,00.251,00.000,,,,,,,,,,,,,,,,,,,,,,,,,
05:19:21,,,,,,,,,,,,,,,,021.370,00.037,00.000,,,,,,,,,,,,,,,,,,,
05:20:21,021.374,00.037,00.000,,,,,,,,,,,,,,,,,,,,,,,,,,,,,,,,,,
05:21:21,,,,021.380,00.034,00.000,,,,,,,,,,,,,,,,,,,,,,,,,,,,,,,
05:22:21,,,,,,,018.255,02.677,00.000,,,,,,,,,,,,,,,,,,,,,,,,,,,,
05:23:21,,,,,,,,,,021.139,00.230,00.000,,,,,,,,,,,,,,,,,,,,,,,,,
05:24:21,021.368,00.037,00.000,,,,,,,,,,,,,,,,,,,,,,,,,,,,,,,,,,
05:25:21,,,,021.371,00.034,00.000,,,,,,,,,,,,,,,,,,,,,,,,,,,,,,,
05:26:20,,,,,,,018.328,02.653,00.000,,,,,,,,,,,,,,,,,,,,,,,,,,,,
05:27:21,,,,,,,,,,021.131,00.222,00.000,,,,,,,,,,,,,,,,,,,,,,,,,
05:28:21,,,,,,,,,,,,,,,,021.368,00.036,00.000,,,,,,,,,,,,,,,,,,,
05:29:21,021.357,00.035,00.000,,,,,,,,,,,,,,,,,,,,,,,,,,,,,,,,,,
05:30:21,,,,021.368,00.033,00.000,,,,,,,,,,,,,,,,,,,,,,,,,,,,,,,
05:31:21,,,,,,,018.515,02.552,00.000,,,,,,,,,,,,,,,,,,,,,,,,,,,,
05:32:21,,,,,,,,,,021.149,00.211,00.000,,,,,,,,,,,,,,,,,,,,,,,,,
05:33:21,021.374,00.037,00.000,,,,,,,,,,,,,,,,,,,,,,,,,,,,,,,,,,
05:34:21,,,,021.377,00.034,00.000,,,,,,,,,,,,,,,,,,,,,,,,,,,,,,,
05:35:20,,,,,,,018.543,02.530,00.000,,,,,,,,,,,,,,,,,,,,,,,,,,,,
05:36:21,,,,,,,,,,021.111,00.227,00.000,,,,,,,,,,,,,,,,,,,,,,,,,
05:37:21,,,,,,,,,,,,,,,,021.364,00.036,00.000,,,,,,,,,,,,,,,,,,,
05:38:21,021.383,00.035,00.000,,,,,,,,,,,,,,,,,,,,,,,,,,,,,,,,,,
05:39:21,,,,021.369,00.034,00.000,,,,,,,,,,,,,,,,,,,,,,,,,,,,,,,
05:40:21,,,,,,,018.503,02.498,00.000,,,,,,,,,,,,,,,,,,,,,,,,,,,,
05:41:20,,,,,,,,,,021.157,00.214,00.000,,,,,,,,,,,,,,,,,,,,,,,,,
05:42:21,021.372,00.038,00.000,,,,,,,,,,,,,,,,,,,,,,,,,,,,,,,,,,
05:43:21,,,,021.374,00.035,00.000,,,,,,,,,,,,,,,,,,,,,,,,,,,,,,,
05:44:20,,,,,,,018.465,02.515,00.000,,,,,,,,,,,,,,,,,,,,,,,,,,,,
05:45:21,,,,,,,,,,021.147,00.210,00.000,,,,,,,,,,,,,,,,,,,,,,,,,
05:46:20,,,,,,,,,,,,,,,,021.379,00.037,00.000,,,,,,,,,,,,,,,,,,,
05:47:21,021.369,00.036,00.000,,,,,,,,,,,,,,,,,,,,,,,,,,,,,,,,,,
05:48:21,,,,021.382,00.035,00.000,,,,,,,,,,,,,,,,,,,,,,,,,,,,,,,
05:49:21,,,,,,,018.464,02.583,00.000,,,,,,,,,,,,,,,,,,,,,,,,,,,,
05:50:21,,,,,,,,,,020.577,00.474,00.000,,,,,,,,,,,,,,,,,,,,,,,,,
05:51:21,021.364,00.039,00.000,,,,,,,,,,,,,,,,,,,,,,,,,,,,,,,,,,
05:52:21,,,,021.357,00.036,00.000,,,,,,,,,,,,,,,,,,,,,,,,,,,,,,,
05:53:21,,,,,,,018.429,02.604,00.000,,,,,,,,,,,,,,,,,,,,,,,,,,,,
05:54:20,,,,,,,,,,020.119,00.730,00.000,,,,,,,,,,,,,,,,,,,,,,,,,
05:55:21,,,,,,,,,,,,,,,,021.371,00.039,00.000,,,,,,,,,,,,,,,,,,,
05:56:21,021.372,00.037,00.000,,,,,,,,,,,,,,,,,,,,,,,,,,,,,,,,,,
05:57:20,,,,021.379,00.036,00.000,,,,,,,,,,,,,,,,,,,,,,,,,,,,,,,
05:58:21,,,,,,,018.365,02.672,00.000,,,,,,,,,,,,,,,,,,,,,,,,,,,,
05:59:20,,,,,,,,,,019.532,01.254,00.000,,,,,,,,,,,,,,,,,,,,,,,,,
06:00:20,021.364,00.042,00.000,,,,,,,,,,,,,,,,,,,,,,,,,,,,,,,,,,
06:01:21,,,,021.363,00.038,00.000,,,,,,,,,,,,,,,,,,,,,,,,,,,,,,,
06:02:21,,,,,,,018.361,02.710,00.000,,,,,,,,,,,,,,,,,,,,,,,,,,,,
06:03:20,,,,,,,,,,018.961,01.771,00.000,,,,,,,,,,,,,,,,,,,,,,,,,
06:04:21,,,,,,,,,,,,,,,,021.344,00.042,00.000,,,,,,,,,,,,,,,,,,,
06:05:20,021.371,00.038,00.000,,,,,,,,,,,,,,,,,,,,,,,,,,,,,,,,,,
06:06:21,,,,021.370,00.036,00.000,,,,,,,,,,,,,,,,,,,,,,,,,,,,,,,
06:07:20,,,,,,,018.334,02.685,00.000,,,,,,,,,,,,,,,,,,,,,,,,,,,,
06:08:21,,,,,,,,,,018.518,02.302,00.000,,,,,,,,,,,,,,,,,,,,,,,,,
06:09:21,021.360,00.046,00.000,,,,,,,,,,,,,,,,,,,,,,,,,,,,,,,,,,
06:10:21,,,,021.364,00.039,00.000,,,,,,,,,,,,,,,,,,,,,,,,,,,,,,,
06:11:21,,,,,,,018.343,02.662,00.000,,,,,,,,,,,,,,,,,,,,,,,,,,,,
06:12:20,,,,,,,,,,018.454,02.502,00.000,,,,,,,,,,,,,,,,,,,,,,,,,
06:13:21,,,,,,,,,,,,,,,,021.356,00.044,00.000,,,,,,,,,,,,,,,,,,,
06:14:20,021.365,00.040,00.000,,,,,,,,,,,,,,,,,,,,,,,,,,,,,,,,,,
06:15:21,,,,021.362,00.038,00.000,,,,,,,,,,,,,,,,,,,,,,,,,,,,,,,
06:16:20,,,,,,,018.354,02.692,00.000,,,,,,,,,,,,,,,,,,,,,,,,,,,,
06:17:21,,,,,,,,,,018.502,02.615,00.000,,,,,,,,,,,,,,,,,,,,,,,,,
06:18:20,021.354,00.047,00.000,,,,,,,,,,,,,,,,,,,,,,,,,,,,,,,,,,
06:19:21,,,,021.375,00.040,00.000,,,,,,,,,,,,,,,,,,,,,,,,,,,,,,,
06:20:21,,,,,,,018.355,02.696,00.000,,,,,,,,,,,,,,,,,,,,,,,,,,,,
06:21:21,,,,,,,,,,018.545,02.629,00.000,,,,,,,,,,,,,,,,,,,,,,,,,
06:22:21,,,,,,,,,,,,,,,,021.357,00.046,00.000,,,,,,,,,,,,,,,,,,,
06:23:20,021.375,00.040,00.000,,,,,,,,,,,,,,,,,,,,,,,,,,,,,,,,,,
06:24:20,,,,021.368,00.038,00.000,,,,,,,,,,,,,,,,,,,,,,,,,,,,,,,
06:25:21,,,,,,,018.316,02.693,00.000,,,,,,,,,,,,,,,,,,,,,,,,,,,,
06:26:21,,,,,,,,,,018.553,02.619,00.000,,,,,,,,,,,,,,,,,,,,,,,,,
06:27:21,021.349,00.048,00.000,,,,,,,,,,,,,,,,,,,,,,,,,,,,,,,,,,
06:28:20,,,,021.353,00.042,00.000,,,,,,,,,,,,,,,,,,,,,,,,,,,,,,,
06:29:20,,,,,,,018.299,02.736,00.000,,,,,,,,,,,,,,,,,,,,,,,,,,,,
06:30:21,,,,,,,,,,018.536,02.604,00.000,,,,,,,,,,,,,,,,,,,,,,,,,
06:31:21,,,,,,,,,,,,,,,,021.358,00.046,00.000,,,,,,,,,,,,,,,,,,,
06:32:20,021.365,00.041,00.000,,,,,,,,,,,,,,,,,,,,,,,,,,,,,,,,,,
06:33:20,,,,021.376,00.039,00.000,,,,,,,,,,,,,,,,,,,,,,,,,,,,,,,
06:34:20,,,,,,,018.334,02.744,00.000,,,,,,,,,,,,,,,,,,,,,,,,,,,,
06:35:21,,,,,,,,,,018.544,02.591,00.000,,,,,,,,,,,,,,,,,,,,,,,,,
06:36:21,021.359,00.048,00.000,,,,,,,,,,,,,,,,,,,,,,,,,,,,,,,,,,
06:37:21,,,,021.365,00.041,00.000,,,,,,,,,,,,,,,,,,,,,,,,,,,,,,,
06:38:20,,,,,,,018.394,02.677,00.000,,,,,,,,,,,,,,,,,,,,,,,,,,,,
06:39:21,,,,,,,,,,018.498,02.564,00.000,,,,,,,,,,,,,,,,,,,,,,,,,
06:40:20,,,,,,,,,,,,,,,,021.355,00.046,00.000,,,,,,,,,,,,,,,,,,,
06:41:21,021.380,00.041,00.000,,,,,,,,,,,,,,,,,,,,,,,,,,,,,,,,,,
06:42:20,,,,021.366,00.038,00.000,,,,,,,,,,,,,,,,,,,,,,,,,,,,,,,
06:43:20,,,,,,,018.448,02.617,00.000,,,,,,,,,,,,,,,,,,,,,,,,,,,,
06:44:20,,,,,,,,,,018.478,02.599,00.000,,,,,,,,,,,,,,,,,,,,,,,,,
06:45:20,021.346,00.047,00.000,,,,,,,,,,,,,,,,,,,,,,,,,,,,,,,,,,
06:46:21,,,,021.358,00.039,00.000,,,,,,,,,,,,,,,,,,,,,,,,,,,,,,,
06:47:20,,,,,,,018.475,02.579,00.000,,,,,,,,,,,,,,,,,,,,,,,,,,,,
06:48:21,,,,,,,,,,018.480,02.564,00.000,,,,,,,,,,,,,,,,,,,,,,,,,
06:49:20,,,,,,,,,,,,,,,,021.358,00.045,00.000,,,,,,,,,,,,,,,,,,,
06:50:20,021.365,00.040,00.000,,,,,,,,,,,,,,,,,,,,,,,,,,,,,,,,,,
06:51:21,,,,021.380,00.038,00.000,,,,,,,,,,,,,,,,,,,,,,,,,,,,,,,
06:52:21,,,,,,,018.478,02.560,00.000,,,,,,,,,,,,,,,,,,,,,,,,,,,,
06:53:21,,,,,,,,,,018.503,02.611,00.000,,,,,,,,,,,,,,,,,,,,,,,,,
06:54:21,021.355,00.047,00.000,,,,,,,,,,,,,,,,,,,,,,,,,,,,,,,,,,
06:55:20,,,,021.369,00.040,00.000,,,,,,,,,,,,,,,,,,,,,,,,,,,,,,,
06:56:20,,,,,,,018.461,02.569,00.000,,,,,,,,,,,,,,,,,,,,,,,,,,,,
06:57:20,,,,,,,,,,018.490,02.623,00.000,,,,,,,,,,,,,,,,,,,,,,,,,
06:58:20,,,,,,,,,,,,,,,,021.347,00.046,00.000,,,,,,,,,,,,,,,,,,,
06:59:21,021.360,00.040,00.000,,,,,,,,,,,,,,,,,,,,,,,,,,,,,,,,,,
07:00:21,,,,021.364,00.038,00.000,,,,,,,,,,,,,,,,,,,,,,,,,,,,,,,
07:01:20,,,,,,,018.427,02.614,00.000,,,,,,,,,,,,,,,,,,,,,,,,,,,,
07:02:21,,,,,,,,,,018.493,02.609,00.000,,,,,,,,,,,,,,,,,,,,,,,,,
07:03:20,021.360,00.048,00.000,,,,,,,,,,,,,,,,,,,,,,,,,,,,,,,,,,
07:04:20,,,,021.362,00.041,00.000,,,,,,,,,,,,,,,,,,,,,,,,,,,,,,,
07:05:21,,,,,,,018.243,02.691,00.000,,,,,,,,,,,,,,,,,,,,,,,,,,,,
07:06:21,,,,,,,,,,018.432,02.662,00.000,,,,,,,,,,,,,,,,,,,,,,,,,
07:07:20,,,,,,,,,,,,,,,,021.345,00.046,00.000,,,,,,,,,,,,,,,,,,,
07:08:21,021.351,00.041,00.000,,,,,,,,,,,,,,,,,,,,,,,,,,,,,,,,,,
07:09:21,,,,021.365,00.039,00.000,,,,,,,,,,,,,,,,,,,,,,,,,,,,,,,
07:10:20,,,,,,,018.197,02.756,00.000,,,,,,,,,,,,,,,,,,,,,,,,,,,,
07:11:20,,,,,,,,,,018.418,02.697,00.000,,,,,,,,,,,,,,,,,,,,,,,,,
07:12:20,021.355,00.049,00.000,,,,,,,,,,,,,,,,,,,,,,,,,,,,,,,,,,
07:13:20,,,,021.355,00.042,00.000,,,,,,,,,,,,,,,,,,,,,,,,,,,,,,,
07:14:20,,,,,,,018.244,02.777,00.000,,,,,,,,,,,,,,,,,,,,,,,,,,,,
07:15:20,,,,,,,,,,018.431,02.659,00.000,,,,,,,,,,,,,,,,,,,,,,,,,
07:16:21,,,,,,,,,,,,,,,,021.357,00.046,00.000,,,,,,,,,,,,,,,,,,,
07:17:20,021.365,00.042,00.000,,,,,,,,,,,,,,,,,,,,,,,,,,,,,,,,,,
07:18:20,,,,021.369,00.039,00.000,,,,,,,,,,,,,,,,,,,,,,,,,,,,,,,
07:19:21,,,,,,,018.343,02.707,00.000,,,,,,,,,,,,,,,,,,,,,,,,,,,,
07:20:21,,,,,,,,,,018.354,02.752,00.000,,,,,,,,,,,,,,,,,,,,,,,,,
07:21:21,021.346,00.050,00.000,,,,,,,,,,,,,,,,,,,,,,,,,,,,,,,,,,
07:22:20,,,,021.365,00.042,00.000,,,,,,,,,,,,,,,,,,,,,,,,,,,,,,,
07:23:20,,,,,,,018.378,02.690,00.000,,,,,,,,,,,,,,,,,,,,,,,,,,,,
07:24:20,,,,,,,,,,018.363,02.778,00.000,,,,,,,,,,,,,,,,,,,,,,,,,
07:25:20,,,,,,,,,,,,,,,,021.360,00.048,00.000,,,,,,,,,,,,,,,,,,,
07:26:20,021.368,00.043,00.000,,,,,,,,,,,,,,,,,,,,,,,,,,,,,,,,,,
07:27:21,,,,021.359,00.041,00.000,,,,,,,,,,,,,,,,,,,,,,,,,,,,,,,
07:28:20,,,,,,,018.255,02.731,00.000,,,,,,,,,,,,,,,,,,,,,,,,,,,,
07:29:21,,,,,,,,,,018.386,02.748,00.000,,,,,,,,,,,,,,,,,,,,,,,,,
07:30:20,021.353,00.051,00.000,,,,,,,,,,,,,,,,,,,,,,,,,,,,,,,,,,
07:31:21,,,,021.365,00.042,00.000,,,,,,,,,,,,,,,,,,,,,,,,,,,,,,,
07:32:21,,,,,,,018.107,02.839,00.000,,,,,,,,,,,,,,,,,,,,,,,,,,,,
07:33:21,,,,,,,,,,018.400,02.758,00.000,,,,,,,,,,,,,,,,,,,,,,,,,
07:34:20,,,,,,,,,,,,,,,,021.353,00.048,00.000,,,,,,,,,,,,,,,,,,,
07:35:20,021.377,00.043,00.000,,,,,,,,,,,,,,,,,,,,,,,,,,,,,,,,,,
07:36:20,,,,021.373,00.041,00.000,,,,,,,,,,,,,,,,,,,,,,,,,,,,,,,
07:37:20,,,,,,,018.132,02.879,00.000,,,,,,,,,,,,,,,,,,,,,,,,,,,,
07:38:20,,,,,,,,,,018.370,02.732,00.000,,,,,,,,,,,,,,,,,,,,,,,,,
07:39:21,021.353,00.050,00.000,,,,,,,,,,,,,,,,,,,,,,,,,,,,,,,,,,
07:40:20,,,,021.363,00.042,00.000,,,,,,,,,,,,,,,,,,,,,,,,,,,,,,,
07:41:20,,,,,,,018.182,02.854,00.000,,,,,,,,,,,,,,,,,,,,,,,,,,,,
07:42:21,,,,,,,,,,018.328,02.776,00.000,,,,,,,,,,,,,,,,,,,,,,,,,
07:43:20,,,,,,,,,,,,,,,,021.355,00.048,00.000,,,,,,,,,,,,,,,,,,,
07:44:20,021.360,00.042,00.000,,,,,,,,,,,,,,,,,,,,,,,,,,,,,,,,,,
07:45:21,,,,021.369,00.040,00.000,,,,,,,,,,,,,,,,,,,,,,,,,,,,,,,
07:46:21,,,,,,,018.283,02.751,00.000,,,,,,,,,,,,,,,,,,,,,,,,,,,,
07:47:21,,,,,,,,,,018.303,02.794,00.000,,,,,,,,,,,,,,,,,,,,,,,,,
07:48:20,021.342,00.050,00.000,,,,,,,,,,,,,,,,,,,,,,,,,,,,,,,,,,
07:49:20,,,,021.364,00.042,00.000,,,,,,,,,,,,,,,,,,,,,,,,,,,,,,,
07:50:21,,,,,,,018.346,02.745,00.000,,,,,,,,,,,,,,,,,,,,,,,,,,,,
07:51:20,,,,,,,,,,018.275,02.792,00.000,,,,,,,,,,,,,,,,,,,,,,,,,
07:52:21,,,,,,,,,,,,,,,,021.347,00.048,00.000,,,,,,,,,,,,,,,,,,,
07:53:20,021.365,00.042,00.000,,,,,,,,,,,,,,,,,,,,,,,,,,,,,,,,,,
07:54:21,,,,021.359,00.040,00.000,,,,,,,,,,,,,,,,,,,,,,,,,,,,,,,
07:55:21,,,,,,,018.373,02.706,00.000,,,,,,,,,,,,,,,,,,,,,,,,,,,,
07:56:20,,,,,,,,,,018.251,02.838,00.000,,,,,,,,,,,,,,,,,,,,,,,,,
07:57:20,021.355,00.052,00.000,,,,,,,,,,,,,,,,,,,,,,,,,,,,,,,,,,
07:58:21,,,,021.354,00.042,00.000,,,,,,,,,,,,,,,,,,,,,,,,,,,,,,,
07:59:21,,,,,,,018.364,02.662,00.000,,,,,,,,,,,,,,,,,,,,,,,,,,,,
08:00:21,,,,,,,,,,018.225,02.877,00.000,,,,,,,,,,,,,,,,,,,,,,,,,
08:01:20,,,,,,,,,,,,,,,,021.359,00.049,00.000,,,,,,,,,,,,,,,,,,,
08:02:20,021.368,00.043,00.000,,,,,,,,,,,,,,,,,,,,,,,,,,,,,,,,,,
08:03:20,,,,021.366,00.039,00.000,,,,,,,,,,,,,,,,,,,,,,,,,,,,,,,
08:04:20,,,,,,,018.291,02.711,00.000,,,,,,,,,,,,,,,,,,,,,,,,,,,,
08:05:20,,,,,,,,,,018.253,02.820,00.000,,,,,,,,,,,,,,,,,,,,,,,,,
08:06:21,021.342,00.049,00.000,,,,,,,,,,,,,,,,,,,,,,,,,,,,,,,,,,
08:07:20,,,,021.353,00.041,00.000,,,,,,,,,,,,,,,,,,,,,,,,,,,,,,,
08:08:20,,,,,,,018.235,02.717,00.000,,,,,,,,,,,,,,,,,,,,,,,,,,,,
08:09:21,,,,,,,,,,018.231,02.864,00.000,,,,,,,,,,,,,,,,,,,,,,,,,
08:10:20,,,,,,,,,,,,,,,,021.354,00.048,00.000,,,,,,,,,,,,,,,,,,,
08:11:20,021.352,00.041,00.000,,,,,,,,,,,,,,,,,,,,,,,,,,,,,,,,,,
08:12:20,,,,021.361,00.039,00.000,,,,,,,,,,,,,,,,,,,,,,,,,,,,,,,
08:13:20,,,,,,,018.273,02.745,00.000,,,,,,,,,,,,,,,,,,,,,,,,,,,,
08:14:20,,,,,,,,,,018.227,02.829,00.000,,,,,,,,,,,,,,,,,,,,,,,,,
08:15:20,021.340,00.049,00.000,,,,,,,,,,,,,,,,,,,,,,,,,,,,,,,,,,
08:16:21,,,,021.349,00.042,00.000,,,,,,,,,,,,,,,,,,,,,,,,,,,,,,,
08:17:21,,,,,,,018.298,02.720,00.000,,,,,,,,,,,,,,,,,,,,,,,,,,,,
08:18:21,,,,,,,,,,018.189,02.858,00.000,,,,,,,,,,,,,,,,,,,,,,,,,
08:19:20,,,,,,,,,,,,,,,,021.342,00.048,00.000,,,,,,,,,,,,,,,,,,,
08:20:20,021.369,00.043,00.000,,,,,,,,,,,,,,,,,,,,,,,,,,,,,,,,,,
08:21:21,,,,021.370,00.040,00.000,,,,,,,,,,,,,,,,,,,,,,,,,,,,,,,
08:22:20,,,,,,,018.300,02.709,00.000,,,,,,,,,,,,,,,,,,,,,,,,,,,,
08:23:21,,,,,,,,,,018.208,02.914,00.000,,,,,,,,,,,,,,,,,,,,,,,,,
08:24:20,021.349,00.051,00.000,,,,,,,,,,,,,,,,,,,,,,,,,,,,,,,,,,
08:25:20,,,,021.357,00.043,00.000,,,,,,,,,,,,,,,,,,,,,,,,,,,,,,,
08:26:20,,,,,,,018.284,02.740,00.000,,,,,,,,,,,,,,,,,,,,,,,,,,,,
08:27:21,,,,,,,,,,018.230,02.871,00.000,,,,,,,,,,,,,,,,,,,,,,,,,
08:28:21,,,,,,,,,,,,,,,,021.356,00.048,00.000,,,,,,,,,,,,,,,,,,,
08:29:20,021.353,00.042,00.000,,,,,,,,,,,,,,,,,,,,,,,,,,,,,,,,,,
08:30:21,,,,021.364,00.040,00.000,,,,,,,,,,,,,,,,,,,,,,,,,,,,,,,
08:31:20,,,,,,,018.241,02.742,00.000,,,,,,,,,,,,,,,,,,,,,,,,,,,,
08:32:20,,,,,,,,,,018.199,02.833,00.000,,,,,,,,,,,,,,,,,,,,,,,,,
08:33:20,021.354,00.049,00.000,,,,,,,,,,,,,,,,,,,,,,,,,,,,,,,,,,
08:34:21,,,,021.355,00.042,00.000,,,,,,,,,,,,,,,,,,,,,,,,,,,,,,,
08:35:20,,,,,,,018.163,02.759,00.000,,,,,,,,,,,,,,,,,,,,,,,,,,,,
08:36:21,,,,,,,,,,018.158,02.927,00.000,,,,,,,,,,,,,,,,,,,,,,,,,
08:37:20,,,,,,,,,,,,,,,,021.343,00.049,00.000,,,,,,,,,,,,,,,,,,,
08:38:20,021.358,00.042,00.000,,,,,,,,,,,,,,,,,,,,,,,,,,,,,,,,,,
08:39:20,,,,021.366,00.039,00.000,,,,,,,,,,,,,,,,,,,,,,,,,,,,,,,
08:40:20,,,,,,,018.137,02.776,00.000,,,,,,,,,,,,,,,,,,,,,,,,,,,,
08:41:21,,,,,,,,,,018.121,02.859,00.000,,,,,,,,,,,,,,,,,,,,,,,,,
08:42:20,021.332,00.049,00.000,,,,,,,,,,,,,,,,,,,,,,,,,,,,,,,,,,
08:43:20,,,,021.358,00.041,00.000,,,,,,,,,,,,,,,,,,,,,,,,,,,,,,,
08:44:21,,,,,,,018.172,02.794,00.000,,,,,,,,,,,,,,,,,,,,,,,,,,,,
08:45:21,,,,,,,,,,018.040,02.895,00.000,,,,,,,,,,,,,,,,,,,,,,,,,
08:46:20,,,,,,,,,,,,,,,,021.336,00.048,00.000,,,,,,,,,,,,,,,,,,,
08:47:20,021.355,00.043,00.000,,,,,,,,,,,,,,,,,,,,,,,,,,,,,,,,,,
08:48:20,,,,021.354,00.041,00.000,,,,,,,,,,,,,,,,,,,,,,,,,,,,,,,
08:49:21,,,,,,,018.205,02.763,00.000,,,,,,,,,,,,,,,,,,,,,,,,,,,,
08:50:20,,,,,,,,,,018.071,02.991,00.000,,,,,,,,,,,,,,,,,,,,,,,,,
08:51:20,021.352,00.052,00.000,,,,,,,,,,,,,,,,,,,,,,,,,,,,,,,,,,
08:52:20,,,,021.364,00.044,00.000,,,,,,,,,,,,,,,,,,,,,,,,,,,,,,,
08:53:20,,,,,,,018.207,02.799,00.000,,,,,,,,,,,,,,,,,,,,,,,,,,,,
08:54:20,,,,,,,,,,018.112,02.978,00.000,,,,,,,,,,,,,,,,,,,,,,,,,
08:55:20,,,,,,,,,,,,,,,,021.343,00.049,00.000,,,,,,,,,,,,,,,,,,,
08:56:20,021.361,00.044,00.000,,,,,,,,,,,,,,,,,,,,,,,,,,,,,,,,,,
08:57:21,,,,021.362,00.042,00.000,,,,,,,,,,,,,,,,,,,,,,,,,,,,,,,
08:58:21,,,,,,,018.123,02.847,00.000,,,,,,,,,,,,,,,,,,,,,,,,,,,,
08:59:20,,,,,,,,,,018.141,02.931,00.000,,,,,,,,,,,,,,,,,,,,,,,,,
09:00:20,021.344,00.053,00.000,,,,,,,,,,,,,,,,,,,,,,,,,,,,,,,,,,
09:01:20,,,,021.357,00.044,00.000,,,,,,,,,,,,,,,,,,,,,,,,,,,,,,,
09:02:20,,,,,,,018.076,02.849,00.000,,,,,,,,,,,,,,,,,,,,,,,,,,,,
09:03:20,,,,,,,,,,018.167,02.942,00.000,,,,,,,,,,,,,,,,,,,,,,,,,
09:04:20,,,,,,,,,,,,,,,,021.357,00.050,00.000,,,,,,,,,,,,,,,,,,,
09:05:21,021.355,00.044,00.000,,,,,,,,,,,,,,,,,,,,,,,,,,,,,,,,,,
09:06:21,,,,021.359,00.041,00.000,,,,,,,,,,,,,,,,,,,,,,,,,,,,,,,
09:07:20,,,,,,,018.033,02.921,00.000,,,,,,,,,,,,,,,,,,,,,,,,,,,,
09:08:20,,,,,,,,,,018.210,02.882,00.000,,,,,,,,,,,,,,,,,,,,,,,,,
09:09:20,021.331,00.050,00.000,,,,,,,,,,,,,,,,,,,,,,,,,,,,,,,,,,
09:10:20,,,,021.354,00.043,00.000,,,,,,,,,,,,,,,,,,,,,,,,,,,,,,,
09:11:20,,,,,,,018.078,02.862,00.000,,,,,,,,,,,,,,,,,,,,,,,,,,,,
09:12:20,,,,,,,,,,018.265,02.824,00.000,,,,,,,,,,,,,,,,,,,,,,,,,
09:13:20,,,,,,,,,,,,,,,,021.329,00.048,00.000,,,,,,,,,,,,,,,,,,,
09:14:21,021.354,00.043,00.000,,,,,,,,,,,,,,,,,,,,,,,,,,,,,,,,,,
09:15:20,,,,021.344,00.041,00.000,,,,,,,,,,,,,,,,,,,,,,,,,,,,,,,
09:16:21,,,,,,,018.215,02.796,00.000,,,,,,,,,,,,,,,,,,,,,,,,,,,,
09:17:21,,,,,,,,,,018.240,02.842,00.000,,,,,,,,,,,,,,,,,,,,,,,,,
09:18:20,021.333,00.051,00.000,,,,,,,,,,,,,,,,,,,,,,,,,,,,,,,,,,
09:19:20,,,,021.350,00.043,00.000,,,,,,,,,,,,,,,,,,,,,,,,,,,,,,,
09:20:20,,,,,,,018.304,02.761,00.000,,,,,,,,,,,,,,,,,,,,,,,,,,,,
09:21:21,,,,,,,,,,018.218,02.750,00.000,,,,,,,,,,,,,,,,,,,,,,,,,
09:22:20,,,,,,,,,,,,,,,,021.345,00.047,00.000,,,,,,,,,,,,,,,,,,,
09:23:20,021.349,00.043,00.000,,,,,,,,,,,,,,,,,,,,,,,,,,,,,,,,,,
09:24:20,,,,021.355,00.042,00.000,,,,,,,,,,,,,,,,,,,,,,,,,,,,,,,
09:25:21,,,,,,,018.337,02.692,00.000,,,,,,,,,,,,,,,,,,,,,,,,,,,,
09:26:20,,,,,,,,,,018.260,02.806,00.000,,,,,,,,,,,,,,,,,,,,,,,,,
09:27:21,021.335,00.053,00.000,,,,,,,,,,,,,,,,,,,,,,,,,,,,,,,,,,
09:28:21,,,,021.346,00.044,00.000,,,,,,,,,,,,,,,,,,,,,,,,,,,,,,,
09:29:20,,,,,,,018.348,02.645,00.000,,,,,,,,,,,,,,,,,,,,,,,,,,,,
09:30:20,,,,,,,,,,018.270,02.783,00.000,,,,,,,,,,,,,,,,,,,,,,,,,
09:31:20,,,,,,,,,,,,,,,,021.342,00.048,00.000,,,,,,,,,,,,,,,,,,,
09:32:20,021.332,00.045,00.000,,,,,,,,,,,,,,,,,,,,,,,,,,,,,,,,,,
09:33:20,,,,021.343,00.042,00.000,,,,,,,,,,,,,,,,,,,,,,,,,,,,,,,
09:34:20,,,,,,,018.351,02.682,00.000,,,,,,,,,,,,,,,,,,,,,,,,,,,,
09:35:20,,,,,,,,,,018.302,02.740,00.000,,,,,,,,,,,,,,,,,,,,,,,,,
09:36:20,021.334,00.053,00.000,,,,,,,,,,,,,,,,,,,,,,,,,,,,,,,,,,
09:37:21,,,,021.339,00.045,00.000,,,,,,,,,,,,,,,,,,,,,,,,,,,,,,,
09:38:20,,,,,,,018.398,02.671,00.000,,,,,,,,,,,,,,,,,,,,,,,,,,,,
09:39:21,,,,,,,,,,018.253,02.805,00.000,,,,,,,,,,,,,,,,,,,,,,,,,
09:40:21,,,,,,,,,,,,,,,,021.333,00.049,00.000,,,,,,,,,,,,,,,,,,,
09:41:20,021.328,00.046,00.000,,,,,,,,,,,,,,,,,,,,,,,,,,,,,,,,,,
09:42:21,,,,021.336,00.044,00.000,,,,,,,,,,,,,,,,,,,,,,,,,,,,,,,
09:43:20,,,,,,,018.419,02.619,00.000,,,,,,,,,,,,,,,,,,,,,,,,,,,,
09:44:20,,,,,,,,,,018.222,02.788,00.000,,,,,,,,,,,,,,,,,,,,,,,,,
09:45:20,021.326,00.054,00.000,,,,,,,,,,,,,,,,,,,,,,,,,,,,,,,,,,
09:46:20,,,,021.340,00.045,00.000,,,,,,,,,,,,,,,,,,,,,,,,,,,,,,,
09:47:21,,,,,,,018.418,02.593,00.000,,,,,,,,,,,,,,,,,,,,,,,,,,,,
09:48:21,,,,,,,,,,018.187,02.830,00.000,,,,,,,,,,,,,,,,,,,,,,,,,
09:49:20,,,,,,,,,,,,,,,,021.333,00.048,00.000,,,,,,,,,,,,,,,,,,,
09:50:20,021.325,00.045,00.000,,,,,,,,,,,,,,,,,,,,,,,,,,,,,,,,,,
09:51:20,,,,021.342,00.042,00.000,,,,,,,,,,,,,,,,,,,,,,,,,,,,,,,
09:52:20,,,,,,,018.440,02.569,00.000,,,,,,,,,,,,,,,,,,,,,,,,,,,,
09:53:20,,,,,,,,,,018.094,02.883,00.000,,,,,,,,,,,,,,,,,,,,,,,,,
09:54:21,021.302,00.051,00.000,,,,,,,,,,,,,,,,,,,,,,,,,,,,,,,,,,
09:55:20,,,,021.316,00.044,00.000,,,,,,,,,,,,,,,,,,,,,,,,,,,,,,,
09:56:21,,,,,,,018.482,02.494,00.000,,,,,,,,,,,,,,,,,,,,,,,,,,,,
09:57:21,,,,,,,,,,018.002,02.903,00.000,,,,,,,,,,,,,,,,,,,,,,,,,
09:58:20,,,,,,,,,,,,,,,,021.321,00.048,00.000,,,,,,,,,,,,,,,,,,,
09:59:20,021.329,00.043,00.000,,,,,,,,,,,,,,,,,,,,,,,,,,,,,,,,,,
10:00:20,,,,021.331,00.041,00.000,,,,,,,,,,,,,,,,,,,,,,,,,,,,,,,
10:01:20,,,,,,,018.440,02.520,00.000,,,,,,,,,,,,,,,,,,,,,,,,,,,,
10:02:20,,,,,,,,,,017.975,03.001,00.000,,,,,,,,,,,,,,,,,,,,,,,,,
10:03:20,021.310,00.051,00.000,,,,,,,,,,,,,,,,,,,,,,,,,,,,,,,,,,
10:04:21,,,,021.326,00.043,00.000,,,,,,,,,,,,,,,,,,,,,,,,,,,,,,,
10:05:20,,,,,,,018.423,02.575,00.000,,,,,,,,,,,,,,,,,,,,,,,,,,,,
10:06:21,,,,,,,,,,017.937,03.025,00.000,,,,,,,,,,,,,,,,,,,,,,,,,
10:07:21,,,,,,,,,,,,,,,,021.315,00.048,00.000,,,,,,,,,,,,,,,,,,,
10:08:20,021.327,00.044,00.000,,,,,,,,,,,,,,,,,,,,,,,,,,,,,,,,,,
10:09:20,,,,021.331,00.041,00.000,,,,,,,,,,,,,,,,,,,,,,,,,,,,,,,
10:10:20,,,,,,,018.441,02.569,00.000,,,,,,,,,,,,,,,,,,,,,,,,,,,,
10:11:20,,,,,,,,,,017.971,02.989,00.000,,,,,,,,,,,,,,,,,,,,,,,,,
10:12:21,021.314,00.050,00.000,,,,,,,,,,,,,,,,,,,,,,,,,,,,,,,,,,
10:13:20,,,,021.331,00.043,00.000,,,,,,,,,,,,,,,,,,,,,,,,,,,,,,,
10:14:20,,,,,,,018.454,02.550,00.000,,,,,,,,,,,,,,,,,,,,,,,,,,,,
10:15:20,,,,,,,,,,017.966,03.057,00.000,,,,,,,,,,,,,,,,,,,,,,,,,
10:16:20,,,,,,,,,,,,,,,,021.326,00.049,00.000,,,,,,,,,,,,,,,,,,,
10:17:21,021.329,00.043,00.000,,,,,,,,,,,,,,,,,,,,,,,,,,,,,,,,,,
10:18:20,,,,021.328,00.041,00.000,,,,,,,,,,,,,,,,,,,,,,,,,,,,,,,
10:19:20,,,,,,,018.467,02.571,00.000,,,,,,,,,,,,,,,,,,,,,,,,,,,,
10:20:20,,,,,,,,,,017.890,03.063,00.000,,,,,,,,,,,,,,,,,,,,,,,,,
10:21:21,021.311,00.050,00.000,,,,,,,,,,,,,,,,,,,,,,,,,,,,,,,,,,
10:22:20,,,,021.338,00.042,00.000,,,,,,,,,,,,,,,,,,,,,,,,,,,,,,,
10:23:20,,,,,,,018.468,02.520,00.000,,,,,,,,,,,,,,,,,,,,,,,,,,,,
10:24:21,,,,,,,,,,017.786,03.136,00.000,,,,,,,,,,,,,,,,,,,,,,,,,
10:25:21,,,,,,,,,,,,,,,,021.319,00.049,00.000,,,,,,,,,,,,,,,,,,,
10:26:21,021.316,00.043,00.000,,,,,,,,,,,,,,,,,,,,,,,,,,,,,,,,,,
10:27:20,,,,021.332,00.040,00.000,,,,,,,,,,,,,,,,,,,,,,,,,,,,,,,
10:28:20,,,,,,,018.448,02.581,00.000,,,,,,,,,,,,,,,,,,,,,,,,,,,,
10:29:20,,,,,,,,,,017.871,03.183,00.000,,,,,,,,,,,,,,,,,,,,,,,,,
10:30:21,021.314,00.052,00.000,,,,,,,,,,,,,,,,,,,,,,,,,,,,,,,,,,
10:31:21,,,,021.316,00.044,00.000,,,,,,,,,,,,,,,,,,,,,,,,,,,,,,,
10:32:20,,,,,,,018.433,02.603,00.000,,,,,,,,,,,,,,,,,,,,,,,,,,,,
10:33:20,,,,,,,,,,017.888,03.087,00.000,,,,,,,,,,,,,,,,,,,,,,,,,
10:34:20,,,,,,,,,,,,,,,,021.310,00.048,00.000,,,,,,,,,,,,,,,,,,,
10:35:20,021.325,00.043,00.000,,,,,,,,,,,,,,,,,,,,,,,,,,,,,,,,,,
10:36:20,,,,021.322,00.041,00.000,,,,,,,,,,,,,,,,,,,,,,,,,,,,,,,
10:37:20,,,,,,,018.395,02.603,00.000,,,,,,,,,,,,,,,,,,,,,,,,,,,,
10:38:21,,,,,,,,,,017.897,03.055,00.000,,,,,,,,,,,,,,,,,,,,,,,,,
10:39:20,021.298,00.053,00.000,,,,,,,,,,,,,,,,,,,,,,,,,,,,,,,,,,
10:40:21,,,,021.312,00.045,00.000,,,,,,,,,,,,,,,,,,,,,,,,,,,,,,,
10:41:20,,,,,,,018.287,02.685,00.000,,,,,,,,,,,,,,,,,,,,,,,,,,,,
10:42:20,,,,,,,,,,017.834,03.142,00.000,,,,,,,,,,,,,,,,,,,,,,,,,
10:43:20,,,,,,,,,,,,,,,,021.317,00.049,00.000,,,,,,,,,,,,,,,,,,,
10:44:20,021.319,00.046,00.000,,,,,,,,,,,,,,,,,,,,,,,,,,,,,,,,,,
10:45:20,,,,021.315,00.043,00.000,,,,,,,,,,,,,,,,,,,,,,,,,,,,,,,
10:46:20,,,,,,,018.080,02.849,00.000,,,,,,,,,,,,,,,,,,,,,,,,,,,,
10:47:20,,,,,,,,,,017.783,03.219,00.000,,,,,,,,,,,,,,,,,,,,,,,,,
10:48:20,021.315,00.057,00.000,,,,,,,,,,,,,,,,,,,,,,,,,,,,,,,,,,
10:49:20,,,,021.311,00.047,00.000,,,,,,,,,,,,,,,,,,,,,,,,,,,,,,,
10:50:20,,,,,,,017.929,02.957,00.000,,,,,,,,,,,,,,,,,,,,,,,,,,,,
10:51:20,,,,,,,,,,017.736,03.277,00.000,,,,,,,,,,,,,,,,,,,,,,,,,
10:52:20,,,,,,,,,,,,,,,,021.320,00.050,00.000,,,,,,,,,,,,,,,,,,,
10:53:20,021.304,00.046,00.000,,,,,,,,,,,,,,,,,,,,,,,,,,,,,,,,,,
10:54:20,,,,021.313,00.043,00.000,,,,,,,,,,,,,,,,,,,,,,,,,,,,,,,
10:55:20,,,,,,,017.877,03.056,00.000,,,,,,,,,,,,,,,,,,,,,,,,,,,,
10:56:20,,,,,,,,,,017.667,03.333,00.000,,,,,,,,,,,,,,,,,,,,,,,,,
10:57:20,021.297,00.054,00.000,,,,,,,,,,,,,,,,,,,,,,,,,,,,,,,,,,
10:58:21,,,,021.323,00.045,00.000,,,,,,,,,,,,,,,,,,,,,,,,,,,,,,,
10:59:20,,,,,,,017.858,03.094,00.000,,,,,,,,,,,,,,,,,,,,,,,,,,,,
11:00:21,,,,,,,,,,021.282,00.060,00.000,,,,,,,,,,,,,,,,,,,,,,,,,
11:01:20,,,,,,,,,,,,,,,,021.324,00.042,00.000,,,,,,,,,,,,,,,,,,,
11:02:20,021.306,00.043,00.000,,,,,,,,,,,,,,,,,,,,,,,,,,,,,,,,,,
11:03:20,,,,021.333,00.041,00.000,,,,,,,,,,,,,,,,,,,,,,,,,,,,,,,
11:04:20,,,,,,,017.902,03.044,00.000,,,,,,,,,,,,,,,,,,,,,,,,,,,,
11:05:21,,,,,,,,,,021.309,00.051,00.000,,,,,,,,,,,,,,,,,,,,,,,,,
11:06:20,021.326,00.043,00.000,,,,,,,,,,,,,,,,,,,,,,,,,,,,,,,,,,
11:07:20,,,,021.309,00.040,00.000,,,,,,,,,,,,,,,,,,,,,,,,,,,,,,,
11:08:20,,,,,,,017.911,03.049,00.000,,,,,,,,,,,,,,,,,,,,,,,,,,,,
11:09:21,,,,,,,,,,021.299,00.048,00.000,,,,,,,,,,,,,,,,,,,,,,,,,
11:10:20,,,,,,,,,,,,,,,,021.310,00.037,00.000,,,,,,,,,,,,,,,,,,,
11:11:20,021.305,00.039,00.000,,,,,,,,,,,,,,,,,,,,,,,,,,,,,,,,,,
11:12:21,,,,021.327,00.036,00.000,,,,,,,,,,,,,,,,,,,,,,,,,,,,,,,
11:13:20,,,,,,,017.910,02.983,00.000,,,,,,,,,,,,,,,,,,,,,,,,,,,,
11:14:20,,,,,,,,,,021.304,00.046,00.000,,,,,,,,,,,,,,,,,,,,,,,,,
11:15:21,021.312,00.040,00.000,,,,,,,,,,,,,,,,,,,,,,,,,,,,,,,,,,
11:16:20,,,,021.319,00.038,00.000,,,,,,,,,,,,,,,,,,,,,,,,,,,,,,,
11:17:20,,,,,,,017.926,03.008,00.000,,,,,,,,,,,,,,,,,,,,,,,,,,,,
11:18:20,,,,,,,,,,021.309,00.048,00.000,,,,,,,,,,,,,,,,,,,,,,,,,
11:19:20,,,,,,,,,,,,,,,,021.313,00.039,00.000,,,,,,,,,,,,,,,,,,,
11:20:20,021.309,00.040,00.000,,,,,,,,,,,,,,,,,,,,,,,,,,,,,,,,,,
11:21:20,,,,021.329,00.038,00.000,,,,,,,,,,,,,,,,,,,,,,,,,,,,,,,
11:22:20,,,,,,,017.905,03.034,00.000,,,,,,,,,,,,,,,,,,,,,,,,,,,,
11:23:20,,,,,,,,,,021.299,00.047,00.000,,,,,,,,,,,,,,,,,,,,,,,,,
11:24:20,021.323,00.041,00.000,,,,,,,,,,,,,,,,,,,,,,,,,,,,,,,,,,
11:25:20,,,,021.317,00.039,00.000,,,,,,,,,,,,,,,,,,,,,,,,,,,,,,,
11:26:20,,,,,,,018.016,02.961,00.000,,,,,,,,,,,,,,,,,,,,,,,,,,,,
11:27:20,,,,,,,,,,021.299,00.048,00.000,,,,,,,,,,,,,,,,,,,,,,,,,
11:28:20,,,,,,,,,,,,,,,,021.324,00.038,00.000,,,,,,,,,,,,,,,,,,,
11:29:21,021.317,00.039,00.000,,,,,,,,,,,,,,,,,,,,,,,,,,,,,,,,,,
11:30:20,,,,021.325,00.038,00.000,,,,,,,,,,,,,,,,,,,,,,,,,,,,,,,
11:31:20,,,,,,,018.193,02.859,00.000,,,,,,,,,,,,,,,,,,,,,,,,,,,,
11:32:20,,,,,,,,,,021.299,00.047,00.000,,,,,,,,,,,,,,,,,,,,,,,,,
11:33:21,021.328,00.041,00.000,,,,,,,,,,,,,,,,,,,,,,,,,,,,,,,,,,
11:34:20,,,,021.323,00.039,00.000,,,,,,,,,,,,,,,,,,,,,,,,,,,,,,,
11:35:20,,,,,,,018.263,02.767,00.000,,,,,,,,,,,,,,,,,,,,,,,,,,,,
11:36:20,,,,,,,,,,021.322,00.047,00.000,,,,,,,,,,,,,,,,,,,,,,,,,
11:37:20,,,,,,,,,,,,,,,,021.319,00.038,00.000,,,,,,,,,,,,,,,,,,,
11:38:20,021.335,00.039,00.000,,,,,,,,,,,,,,,,,,,,,,,,,,,,,,,,,,
11:39:20,,,,021.334,00.038,00.000,,,,,,,,,,,,,,,,,,,,,,,,,,,,,,,
11:40:20,,,,,,,018.333,02.707,00.000,,,,,,,,,,,,,,,,,,,,,,,,,,,,
11:41:20,,,,,,,,,,021.317,00.045,00.000,,,,,,,,,,,,,,,,,,,,,,,,,
11:42:20,021.331,00.040,00.000,,,,,,,,,,,,,,,,,,,,,,,,,,,,,,,,,,
11:43:20,,,,021.327,00.038,00.000,,,,,,,,,,,,,,,,,,,,,,,,,,,,,,,
11:44:21,,,,,,,018.375,02.667,00.000,,,,,,,,,,,,,,,,,,,,,,,,,,,,
11:45:20,,,,,,,,,,021.315,00.044,00.000,,,,,,,,,,,,,,,,,,,,,,,,,
11:46:20,,,,,,,,,,,,,,,,021.324,00.038,00.000,,,,,,,,,,,,,,,,,,,
11:47:20,021.322,00.039,00.000,,,,,,,,,,,,,,,,,,,,,,,,,,,,,,,,,,
11:48:20,,,,021.328,00.037,00.000,,,,,,,,,,,,,,,,,,,,,,,,,,,,,,,
11:49:20,,,,,,,018.385,02.629,00.000,,,,,,,,,,,,,,,,,,,,,,,,,,,,
11:50:20,,,,,,,,,,021.315,00.045,00.000,,,,,,,,,,,,,,,,,,,,,,,,,
11:51:20,021.332,00.041,00.000,,,,,,,,,,,,,,,,,,,,,,,,,,,,,,,,,,
11:52:20,,,,021.326,00.039,00.000,,,,,,,,,,,,,,,,,,,,,,,,,,,,,,,
11:53:20,,,,,,,018.384,02.636,00.000,,,,,,,,,,,,,,,,,,,,,,,,,,,,
11:54:20,,,,,,,,,,021.311,00.045,00.000,,,,,,,,,,,,,,,,,,,,,,,,,
11:55:20,,,,,,,,,,,,,,,,021.326,00.037,00.000,,,,,,,,,,,,,,,,,,,
11:56:20,021.321,00.039,00.000,,,,,,,,,,,,,,,,,,,,,,,,,,,,,,,,,,
11:57:20,,,,021.315,00.038,00.000,,,,,,,,,,,,,,,,,,,,,,,,,,,,,,,
11:58:20,,,,,,,018.391,02.632,00.000,,,,,,,,,,,,,,,,,,,,,,,,,,,,
11:59:20,,,,,,,,,,021.317,00.046,00.000,,,,,,,,,,,,,,,,,,,,,,,,,
12:00:20,021.328,00.041,00.000,,,,,,,,,,,,,,,,,,,,,,,,,,,,,,,,,,
12:01:20,,,,021.325,00.040,00.000,,,,,,,,,,,,,,,,,,,,,,,,,,,,,,,
12:02:20,,,,,,,018.393,02.620,00.000,,,,,,,,,,,,,,,,,,,,,,,,,,,,
12:03:20,,,,,,,,,,021.311,00.047,00.000,,,,,,,,,,,,,,,,,,,,,,,,,
12:04:20,,,,,,,,,,,,,,,,021.328,00.037,00.000,,,,,,,,,,,,,,,,,,,
12:05:20,021.324,00.041,00.000,,,,,,,,,,,,,,,,,,,,,,,,,,,,,,,,,,
12:06:20,,,,021.339,00.040,00.000,,,,,,,,,,,,,,,,,,,,,,,,,,,,,,,
12:07:20,,,,,,,018.420,02.605,00.000,,,,,,,,,,,,,,,,,,,,,,,,,,,,
12:08:20,,,,,,,,,,021.326,00.045,00.000,,,,,,,,,,,,,,,,,,,,,,,,,
12:09:20,021.317,00.041,00.000,,,,,,,,,,,,,,,,,,,,,,,,,,,,,,,,,,
12:10:20,,,,021.328,00.039,00.000,,,,,,,,,,,,,,,,,,,,,,,,,,,,,,,
12:11:20,,,,,,,018.437,02.566,00.000,,,,,,,,,,,,,,,,,,,,,,,,,,,,
12:12:20,,,,,,,,,,021.326,00.046,00.000,,,,,,,,,,,,,,,,,,,,,,,,,
12:13:20,,,,,,,,,,,,,,,,021.330,00.037,00.000,,,,,,,,,,,,,,,,,,,
12:14:20,021.325,00.040,00.000,,,,,,,,,,,,,,,,,,,,,,,,,,,,,,,,,,
12:15:20,,,,021.329,00.038,00.000,,,,,,,,,,,,,,,,,,,,,,,,,,,,,,,
12:16:20,,,,,,,018.426,02.570,00.000,,,,,,,,,,,,,,,,,,,,,,,,,,,,
12:17:20,,,,,,,,,,021.314,00.044,00.000,,,,,,,,,,,,,,,,,,,,,,,,,
12:18:20,021.316,00.040,00.000,,,,,,,,,,,,,,,,,,,,,,,,,,,,,,,,,,
12:19:20,,,,021.336,00.038,00.000,,,,,,,,,,,,,,,,,,,,,,,,,,,,,,,
12:20:20,,,,,,,018.444,02.556,00.000,,,,,,,,,,,,,,,,,,,,,,,,,,,,
12:21:20,,,,,,,,,,021.315,00.045,00.000,,,,,,,,,,,,,,,,,,,,,,,,,
12:22:20,,,,,,,,,,,,,,,,021.333,00.036,00.000,,,,,,,,,,,,,,,,,,,
12:23:20,021.330,00.039,00.000,,,,,,,,,,,,,,,,,,,,,,,,,,,,,,,,,,
12:24:20,,,,021.325,00.038,00.000,,,,,,,,,,,,,,,,,,,,,,,,,,,,,,,
12:25:20,,,,,,,018.477,02.545,00.000,,,,,,,,,,,,,,,,,,,,,,,,,,,,
12:26:20,,,,,,,,,,021.309,00.045,00.000,,,,,,,,,,,,,,,,,,,,,,,,,
12:27:20,021.322,00.040,00.000,,,,,,,,,,,,,,,,,,,,,,,,,,,,,,,,,,
12:28:20,,,,021.334,00.038,00.000,,,,,,,,,,,,,,,,,,,,,,,,,,,,,,,
12:29:20,,,,,,,018.623,02.437,00.000,,,,,,,,,,,,,,,,,,,,,,,,,,,,
12:30:20,,,,,,,,,,021.307,00.044,00.000,,,,,,,,,,,,,,,,,,,,,,,,,
12:31:20,,,,,,,,,,,,,,,,021.327,00.036,00.000,,,,,,,,,,,,,,,,,,,
12:32:20,021.315,00.039,00.000,,,,,,,,,,,,,,,,,,,,,,,,,,,,,,,,,,
12:33:20,,,,021.333,00.038,00.000,,,,,,,,,,,,,,,,,,,,,,,,,,,,,,,
12:34:20,,,,,,,018.632,02.428,00.000,,,,,,,,,,,,,,,,,,,,,,,,,,,,
12:35:20,,,,,,,,,,021.318,00.044,00.000,,,,,,,,,,,,,,,,,,,,,,,,,
12:36:20,021.309,00.040,00.000,,,,,,,,,,,,,,,,,,,,,,,,,,,,,,,,,,
12:37:20,,,,021.324,00.038,00.000,,,,,,,,,,,,,,,,,,,,,,,,,,,,,,,
12:38:20,,,,,,,018.594,02.469,00.000,,,,,,,,,,,,,,,,,,,,,,,,,,,,
12:39:20,,,,,,,,,,021.318,00.044,00.000,,,,,,,,,,,,,,,,,,,,,,,,,
12:40:20,,,,,,,,,,,,,,,,021.333,00.036,00.000,,,,,,,,,,,,,,,,,,,
12:41:20,021.338,00.039,00.000,,,,,,,,,,,,,,,,,,,,,,,,,,,,,,,,,,
12:42:20,,,,021.326,00.037,00.000,,,,,,,,,,,,,,,,,,,,,,,,,,,,,,,
12:43:20,,,,,,,021.320,00.043,00.000,,,,,,,,,,,,,,,,,,,,,,,,,,,,
12:44:20,,,,,,,,,,021.334,00.037,00.000,,,,,,,,,,,,,,,,,,,,,,,,,
12:45:20,021.320,00.037,00.000,,,,,,,,,,,,,,,,,,,,,,,,,,,,,,,,,,
12:46:20,,,,021.321,00.036,00.000,,,,,,,,,,,,,,,,,,,,,,,,,,,,,,,
12:47:20,,,,,,,021.311,00.048,00.000,,,,,,,,,,,,,,,,,,,,,,,,,,,,
12:48:20,,,,,,,,,,021.320,00.036,00.000,,,,,,,,,,,,,,,,,,,,,,,,,
12:49:20,,,,,,,,,,,,,,,,021.340,00.032,00.000,,,,,,,,,,,,,,,,,,,
12:50:20,021.336,00.036,00.000,,,,,,,,,,,,,,,,,,,,,,,,,,,,,,,,,,
12:51:20,,,,021.326,00.036,00.000,,,,,,,,,,,,,,,,,,,,,,,,,,,,,,,
12:52:20,,,,,,,021.330,00.036,00.000,,,,,,,,,,,,,,,,,,,,,,,,,,,,
12:53:20,,,,,,,,,,021.345,00.035,00.000,,,,,,,,,,,,,,,,,,,,,,,,,
12:54:20,021.328,00.035,00.000,,,,,,,,,,,,,,,,,,,,,,,,,,,,,,,,,,
12:55:20,,,,021.327,00.035,00.000,,,,,,,,,,,,,,,,,,,,,,,,,,,,,,,
12:56:20,,,,,,,021.332,00.036,00.000,,,,,,,,,,,,,,,,,,,,,,,,,,,,
12:57:20,,,,,,,,,,021.348,00.035,00.000,,,,,,,,,,,,,,,,,,,,,,,,,
12:58:20,,,,,,,,,,,,,,,,021.337,00.031,00.000,,,,,,,,,,,,,,,,,,,
12:59:20,021.330,00.034,00.000,,,,,,,,,,,,,,,,,,,,,,,,,,,,,,,,,,
13:00:20,,,,021.322,00.035,00.000,,,,,,,,,,,,,,,,,,,,,,,,,,,,,,,
13:01:20,,,,,,,021.315,00.036,00.000,,,,,,,,,,,,,,,,,,,,,,,,,,,,
13:02:20,,,,,,,,,,021.326,00.034,00.000,,,,,,,,,,,,,,,,,,,,,,,,,
13:02:58,021.333,00.035,00.000,,,,,,,,,,,,,,,,,,,,,,,,,,,,,,,,,,
